9b4d5059-51d3-4154-b0b9-038254cd37fc;2024-06-10T05:59:00Z;2302;2302;2302;2302;111;
9b4d5059-51d3-4154-b0b9-038254cd37fc;2024-06-10T06:00:00Z;2302.1;2301.6;2302.4;2300.8;869;
9b4d5059-51d3-4154-b0b9-038254cd37fc;2024-06-10T06:01:00Z;2301.7;2302.5;2304.3;2301.6;2176;
9b4d5059-51d3-4154-b0b9-038254cd37fc;2024-06-10T06:02:00Z;2302.7;2302;2305.4;2301.8;3431;
9b4d5059-51d3-4154-b0b9-038254cd37fc;2024-06-10T06:03:00Z;2302;2303.3;2303.9;2301.8;1409;
9b4d5059-51d3-4154-b0b9-038254cd37fc;2024-06-10T06:04:00Z;2303.2;2303.3;2303.7;2302.3;973;
9b4d5059-51d3-4154-b0b9-038254cd37fc;2024-06-10T06:05:00Z;2303.4;2301.6;2303.4;2301.6;522;
9b4d5059-51d3-4154-b0b9-038254cd37fc;2024-06-10T06:06:00Z;2301.7;2302.9;2303.6;2301.6;1044;
9b4d5059-51d3-4154-b0b9-038254cd37fc;2024-06-10T06:07:00Z;2302.9;2303.8;2303.8;2302.9;211;
9b4d5059-51d3-4154-b0b9-038254cd37fc;2024-06-10T06:08:00Z;2303.7;2305.2;2305.2;2303.7;379;
9b4d5059-51d3-4154-b0b9-038254cd37fc;2024-06-10T06:09:00Z;2305.2;2305;2305.3;2304.6;813;
9b4d5059-51d3-4154-b0b9-038254cd37fc;2024-06-10T06:10:00Z;2304.9;2305;2305.3;2304.5;602;
9b4d5059-51d3-4154-b0b9-038254cd37fc;2024-06-10T06:11:00Z;2305;2306.5;2306.5;2304.9;948;
9b4d5059-51d3-4154-b0b9-038254cd37fc;2024-06-10T06:12:00Z;2306.5;2306.5;2306.7;2306.3;505;
9b4d5059-51d3-4154-b0b9-038254cd37fc;2024-06-10T06:13:00Z;2306.4;2305.5;2306.7;2305.5;697;
9b4d5059-51d3-4154-b0b9-038254cd37fc;2024-06-10T06:14:00Z;2305.5;2305.2;2305.5;2305.2;84;
9b4d5059-51d3-4154-b0b9-038254cd37fc;2024-06-10T06:15:00Z;2305.2;2304.6;2305.5;2304.6;347;
9b4d5059-51d3-4154-b0b9-038254cd37fc;2024-06-10T06:16:00Z;2304.6;2304;2304.6;2303.7;157;
9b4d5059-51d3-4154-b0b9-038254cd37fc;2024-06-10T06:17:00Z;2304;2303.7;2304;2303.7;66;
9b4d5059-51d3-4154-b0b9-038254cd37fc;2024-06-10T06:18:00Z;2303.7;2302.4;2303.7;2302.4;360;
9b4d5059-51d3-4154-b0b9-038254cd37fc;2024-06-10T06:19:00Z;2302.5;2302.2;2302.5;2302.2;94;
9b4d5059-51d3-4154-b0b9-038254cd37fc;2024-06-10T06:20:00Z;2302.1;2302.2;2302.3;2302;244;
9b4d5059-51d3-4154-b0b9-038254cd37fc;2024-06-10T06:21:00Z;2302.2;2302.2;2302.3;2302.1;297;
9b4d5059-51d3-4154-b0b9-038254cd37fc;2024-06-10T06:22:00Z;2302.1;2302.2;2302.3;2302.1;160;
9b4d5059-51d3-4154-b0b9-038254cd37fc;2024-06-10T06:23:00Z;2302.3;2302.3;2302.3;2302.2;100;
9b4d5059-51d3-4154-b0b9-038254cd37fc;2024-06-10T06:24:00Z;2302.2;2302.3;2302.3;2302.2;108;
9b4d5059-51d3-4154-b0b9-038254cd37fc;2024-06-10T06:25:00Z;2302.3;2302.1;2302.3;2302.1;165;
9b4d5059-51d3-4154-b0b9-038254cd37fc;2024-06-10T06:26:00Z;2302.1;2301.8;2302.1;2301.8;100;
9b4d5059-51d3-4154-b0b9-038254cd37fc;2024-06-10T06:27:00Z;2301.8;2301.8;2301.9;2301.8;102;
9b4d5059-51d3-4154-b0b9-038254cd37fc;2024-06-10T06:28:00Z;2301.8;2299.2;2301.8;2299.2;778;
9b4d5059-51d3-4154-b0b9-038254cd37fc;2024-06-10T06:29:00Z;2299.3;2298.6;2299.3;2298.6;738;
9b4d5059-51d3-4154-b0b9-038254cd37fc;2024-06-10T06:30:00Z;2298.6;2299.4;2299.6;2298.5;779;
9b4d5059-51d3-4154-b0b9-038254cd37fc;2024-06-10T06:31:00Z;2299.5;2298.9;2299.5;2298.9;332;
9b4d5059-51d3-4154-b0b9-038254cd37fc;2024-06-10T06:32:00Z;2298.9;2299.6;2299.7;2298.9;1028;
9b4d5059-51d3-4154-b0b9-038254cd37fc;2024-06-10T06:33:00Z;2299.6;2300;2300.3;2299.5;771;
9b4d5059-51d3-4154-b0b9-038254cd37fc;2024-06-10T06:34:00Z;2300.1;2300.9;2301.2;2300.1;706;
9b4d5059-51d3-4154-b0b9-038254cd37fc;2024-06-10T06:35:00Z;2301;2300.4;2301.2;2300.3;346;
9b4d5059-51d3-4154-b0b9-038254cd37fc;2024-06-10T06:36:00Z;2300.5;2300.4;2300.7;2300.4;320;
9b4d5059-51d3-4154-b0b9-038254cd37fc;2024-06-10T06:37:00Z;2300.1;2299.5;2300.1;2299.5;47;
9b4d5059-51d3-4154-b0b9-038254cd37fc;2024-06-10T06:38:00Z;2299.5;2299;2299.5;2299;74;
9b4d5059-51d3-4154-b0b9-038254cd37fc;2024-06-10T06:39:00Z;2298.8;2298.8;2298.9;2298.4;252;
9b4d5059-51d3-4154-b0b9-038254cd37fc;2024-06-10T06:40:00Z;2298.6;2298.9;2299;2298.6;89;
9b4d5059-51d3-4154-b0b9-038254cd37fc;2024-06-10T06:41:00Z;2298.8;2298.1;2298.9;2298.1;366;
9b4d5059-51d3-4154-b0b9-038254cd37fc;2024-06-10T06:42:00Z;2298.1;2297.1;2298.2;2297.1;339;
9b4d5059-51d3-4154-b0b9-038254cd37fc;2024-06-10T06:43:00Z;2297.2;2296.3;2297.2;2296;445;
9b4d5059-51d3-4154-b0b9-038254cd37fc;2024-06-10T06:44:00Z;2296.4;2296.6;2296.8;2296.2;557;
9b4d5059-51d3-4154-b0b9-038254cd37fc;2024-06-10T06:45:00Z;2296.6;2295.5;2296.6;2295.4;799;
9b4d5059-51d3-4154-b0b9-038254cd37fc;2024-06-10T06:46:00Z;2295.4;2295.3;2295.5;2295.1;113;
9b4d5059-51d3-4154-b0b9-038254cd37fc;2024-06-10T06:47:00Z;2295.3;2296;2296.3;2295.2;427;
9b4d5059-51d3-4154-b0b9-038254cd37fc;2024-06-10T06:48:00Z;2296;2296.6;2296.6;2295.7;382;
9b4d5059-51d3-4154-b0b9-038254cd37fc;2024-06-10T06:49:00Z;2296.7;2297.9;2297.9;2296.7;231;
9b4d5059-51d3-4154-b0b9-038254cd37fc;2024-06-10T06:50:00Z;2297.8;2298.2;2298.3;2297.8;187;
9b4d5059-51d3-4154-b0b9-038254cd37fc;2024-06-10T06:51:00Z;2298.3;2298.3;2298.3;2298.1;261;
9b4d5059-51d3-4154-b0b9-038254cd37fc;2024-06-10T06:52:00Z;2298.3;2299.4;2299.5;2298.2;429;
9b4d5059-51d3-4154-b0b9-038254cd37fc;2024-06-10T06:53:00Z;2299.4;2299.1;2299.5;2299.1;86;
9b4d5059-51d3-4154-b0b9-038254cd37fc;2024-06-10T06:54:00Z;2299.2;2299.9;2299.9;2299.2;139;
9b4d5059-51d3-4154-b0b9-038254cd37fc;2024-06-10T06:55:00Z;2299.9;2299.2;2300;2299.2;308;
9b4d5059-51d3-4154-b0b9-038254cd37fc;2024-06-10T06:56:00Z;2299.1;2299;2299.5;2299;132;
9b4d5059-51d3-4154-b0b9-038254cd37fc;2024-06-10T06:57:00Z;2298.9;2297.5;2298.9;2297.2;419;
9b4d5059-51d3-4154-b0b9-038254cd37fc;2024-06-10T06:58:00Z;2297.6;2298;2298;2297.4;66;
9b4d5059-51d3-4154-b0b9-038254cd37fc;2024-06-10T06:59:00Z;2298;2298.6;2298.7;2298;250;
9b4d5059-51d3-4154-b0b9-038254cd37fc;2024-06-10T07:00:00Z;2298.7;2298.5;2299.6;2298.5;158;
9b4d5059-51d3-4154-b0b9-038254cd37fc;2024-06-10T07:01:00Z;2298.5;2298.7;2299.1;2298.5;180;
9b4d5059-51d3-4154-b0b9-038254cd37fc;2024-06-10T07:02:00Z;2298.8;2298.8;2299.3;2298.8;359;
9b4d5059-51d3-4154-b0b9-038254cd37fc;2024-06-10T07:03:00Z;2298.8;2299.2;2299.3;2298.8;104;
9b4d5059-51d3-4154-b0b9-038254cd37fc;2024-06-10T07:04:00Z;2299.3;2300.1;2300.1;2299.2;348;
9b4d5059-51d3-4154-b0b9-038254cd37fc;2024-06-10T07:05:00Z;2300;2300.2;2300.2;2299.7;266;
9b4d5059-51d3-4154-b0b9-038254cd37fc;2024-06-10T07:06:00Z;2300.2;2300.2;2300.5;2300;562;
9b4d5059-51d3-4154-b0b9-038254cd37fc;2024-06-10T07:07:00Z;2300.2;2299.9;2300.2;2299.2;375;
9b4d5059-51d3-4154-b0b9-038254cd37fc;2024-06-10T07:08:00Z;2299.9;2299.9;2300;2299.9;111;
9b4d5059-51d3-4154-b0b9-038254cd37fc;2024-06-10T07:09:00Z;2299.9;2299.4;2300;2299.4;381;
9b4d5059-51d3-4154-b0b9-038254cd37fc;2024-06-10T07:10:00Z;2299.4;2298.5;2299.6;2298.3;236;
9b4d5059-51d3-4154-b0b9-038254cd37fc;2024-06-10T07:11:00Z;2298.5;2298.9;2298.9;2298.4;111;
9b4d5059-51d3-4154-b0b9-038254cd37fc;2024-06-10T07:12:00Z;2298.9;2299.8;2299.8;2298.9;249;
9b4d5059-51d3-4154-b0b9-038254cd37fc;2024-06-10T07:13:00Z;2299.9;2300.2;2300.2;2299.3;282;
9b4d5059-51d3-4154-b0b9-038254cd37fc;2024-06-10T07:14:00Z;2300.1;2300.1;2300.5;2300.1;340;
9b4d5059-51d3-4154-b0b9-038254cd37fc;2024-06-10T07:15:00Z;2300.1;2299.7;2300.1;2299.5;1306;
9b4d5059-51d3-4154-b0b9-038254cd37fc;2024-06-10T07:16:00Z;2299.7;2300.3;2300.3;2299.6;565;
9b4d5059-51d3-4154-b0b9-038254cd37fc;2024-06-10T07:17:00Z;2300.3;2299.9;2300.3;2299.8;73;
9b4d5059-51d3-4154-b0b9-038254cd37fc;2024-06-10T07:18:00Z;2299.9;2300.5;2300.5;2299.9;83;
9b4d5059-51d3-4154-b0b9-038254cd37fc;2024-06-10T07:19:00Z;2300.5;2301.6;2301.6;2300.5;331;
9b4d5059-51d3-4154-b0b9-038254cd37fc;2024-06-10T07:20:00Z;2301.6;2301.5;2301.6;2300.8;360;
9b4d5059-51d3-4154-b0b9-038254cd37fc;2024-06-10T07:21:00Z;2301.6;2301.4;2301.6;2301.4;135;
9b4d5059-51d3-4154-b0b9-038254cd37fc;2024-06-10T07:22:00Z;2301.5;2301.5;2301.8;2301.1;520;
9b4d5059-51d3-4154-b0b9-038254cd37fc;2024-06-10T07:23:00Z;2301.6;2301.8;2302.1;2301.4;434;
9b4d5059-51d3-4154-b0b9-038254cd37fc;2024-06-10T07:24:00Z;2301.9;2300.5;2301.9;2300.2;463;
9b4d5059-51d3-4154-b0b9-038254cd37fc;2024-06-10T07:25:00Z;2300.9;2301.6;2301.6;2300.5;498;
9b4d5059-51d3-4154-b0b9-038254cd37fc;2024-06-10T07:26:00Z;2301.5;2302.4;2302.7;2301.5;602;
9b4d5059-51d3-4154-b0b9-038254cd37fc;2024-06-10T07:27:00Z;2302.4;2303.3;2303.3;2302;628;
9b4d5059-51d3-4154-b0b9-038254cd37fc;2024-06-10T07:28:00Z;2303.1;2302.9;2303.4;2302.5;540;
9b4d5059-51d3-4154-b0b9-038254cd37fc;2024-06-10T07:29:00Z;2302.8;2302.3;2303.1;2302.2;475;
9b4d5059-51d3-4154-b0b9-038254cd37fc;2024-06-10T07:30:00Z;2302.2;2302.1;2302.4;2302.1;456;
9b4d5059-51d3-4154-b0b9-038254cd37fc;2024-06-10T07:31:00Z;2302.1;2302;2302.4;2301.9;468;
9b4d5059-51d3-4154-b0b9-038254cd37fc;2024-06-10T07:32:00Z;2302.2;2301.9;2302.3;2301.9;341;
9b4d5059-51d3-4154-b0b9-038254cd37fc;2024-06-10T07:33:00Z;2301.9;2302;2302.2;2301.9;411;
9b4d5059-51d3-4154-b0b9-038254cd37fc;2024-06-10T07:34:00Z;2301.8;2301.6;2302;2301.6;766;
9b4d5059-51d3-4154-b0b9-038254cd37fc;2024-06-10T07:35:00Z;2301.7;2302.2;2302.3;2301.6;395;
9b4d5059-51d3-4154-b0b9-038254cd37fc;2024-06-10T07:36:00Z;2302.4;2301.9;2302.4;2301.8;333;
9b4d5059-51d3-4154-b0b9-038254cd37fc;2024-06-10T07:37:00Z;2301.9;2301.9;2302.1;2301.6;479;
9b4d5059-51d3-4154-b0b9-038254cd37fc;2024-06-10T07:38:00Z;2301.9;2301.5;2302.1;2301.4;393;
9b4d5059-51d3-4154-b0b9-038254cd37fc;2024-06-10T07:39:00Z;2301.5;2301.3;2301.6;2301;252;
9b4d5059-51d3-4154-b0b9-038254cd37fc;2024-06-10T07:40:00Z;2301.2;2301.6;2301.7;2301.2;62;
9b4d5059-51d3-4154-b0b9-038254cd37fc;2024-06-10T07:41:00Z;2301.8;2302.2;2302.2;2301.6;107;
9b4d5059-51d3-4154-b0b9-038254cd37fc;2024-06-10T07:42:00Z;2302.2;2302.7;2302.7;2302.2;334;
9b4d5059-51d3-4154-b0b9-038254cd37fc;2024-06-10T07:43:00Z;2302.7;2302.5;2302.9;2302.4;252;
9b4d5059-51d3-4154-b0b9-038254cd37fc;2024-06-10T07:44:00Z;2302.5;2302.1;2302.5;2302;175;
9b4d5059-51d3-4154-b0b9-038254cd37fc;2024-06-10T07:45:00Z;2302;2302;2302.1;2302;119;
9b4d5059-51d3-4154-b0b9-038254cd37fc;2024-06-10T07:46:00Z;2302;2302;2302.1;2302;63;
9b4d5059-51d3-4154-b0b9-038254cd37fc;2024-06-10T07:47:00Z;2302.1;2302;2302.1;2302;32;
9b4d5059-51d3-4154-b0b9-038254cd37fc;2024-06-10T07:48:00Z;2302;2302;2302.1;2302;110;
9b4d5059-51d3-4154-b0b9-038254cd37fc;2024-06-10T07:49:00Z;2302;2302.3;2302.5;2302;40;
9b4d5059-51d3-4154-b0b9-038254cd37fc;2024-06-10T07:50:00Z;2302.3;2303.6;2303.9;2302.2;164;
9b4d5059-51d3-4154-b0b9-038254cd37fc;2024-06-10T07:51:00Z;2303.6;2303.7;2303.7;2303.5;47;
9b4d5059-51d3-4154-b0b9-038254cd37fc;2024-06-10T07:52:00Z;2303.6;2304.3;2304.4;2303.6;554;
9b4d5059-51d3-4154-b0b9-038254cd37fc;2024-06-10T07:53:00Z;2304.3;2304.8;2304.9;2304.2;455;
9b4d5059-51d3-4154-b0b9-038254cd37fc;2024-06-10T07:54:00Z;2304.9;2305.3;2305.4;2304.9;1005;
9b4d5059-51d3-4154-b0b9-038254cd37fc;2024-06-10T07:55:00Z;2305.4;2305;2305.4;2305;660;
9b4d5059-51d3-4154-b0b9-038254cd37fc;2024-06-10T07:56:00Z;2305.1;2304.9;2305.1;2304.5;217;
9b4d5059-51d3-4154-b0b9-038254cd37fc;2024-06-10T07:57:00Z;2304.9;2304.7;2304.9;2304.6;297;
9b4d5059-51d3-4154-b0b9-038254cd37fc;2024-06-10T07:58:00Z;2304.6;2304;2304.6;2303.7;132;
9b4d5059-51d3-4154-b0b9-038254cd37fc;2024-06-10T07:59:00Z;2304.2;2304.2;2304.3;2303.9;109;
9b4d5059-51d3-4154-b0b9-038254cd37fc;2024-06-10T08:00:00Z;2304.2;2303.6;2304.2;2303.6;202;
9b4d5059-51d3-4154-b0b9-038254cd37fc;2024-06-10T08:01:00Z;2303.7;2303.9;2304.2;2303.6;176;
9b4d5059-51d3-4154-b0b9-038254cd37fc;2024-06-10T08:02:00Z;2303.9;2304.5;2304.5;2303.7;416;
9b4d5059-51d3-4154-b0b9-038254cd37fc;2024-06-10T08:03:00Z;2304.4;2304.5;2304.5;2304.1;188;
9b4d5059-51d3-4154-b0b9-038254cd37fc;2024-06-10T08:04:00Z;2304.5;2304.3;2304.6;2304.2;299;
9b4d5059-51d3-4154-b0b9-038254cd37fc;2024-06-10T08:05:00Z;2304.6;2304.2;2304.6;2304.2;30;
9b4d5059-51d3-4154-b0b9-038254cd37fc;2024-06-10T08:06:00Z;2304.2;2304.6;2304.6;2304.2;7;
9b4d5059-51d3-4154-b0b9-038254cd37fc;2024-06-10T08:07:00Z;2304.5;2305.5;2305.6;2304.5;324;
9b4d5059-51d3-4154-b0b9-038254cd37fc;2024-06-10T08:08:00Z;2305.5;2306.1;2306.1;2305.5;928;
9b4d5059-51d3-4154-b0b9-038254cd37fc;2024-06-10T08:09:00Z;2306.1;2305.5;2306.2;2305.2;1716;
9b4d5059-51d3-4154-b0b9-038254cd37fc;2024-06-10T08:10:00Z;2305.5;2305.2;2305.7;2305.2;744;
9b4d5059-51d3-4154-b0b9-038254cd37fc;2024-06-10T08:11:00Z;2305.1;2305;2305.2;2305;68;
9b4d5059-51d3-4154-b0b9-038254cd37fc;2024-06-10T08:12:00Z;2304.9;2305.9;2306;2304.7;413;
9b4d5059-51d3-4154-b0b9-038254cd37fc;2024-06-10T08:13:00Z;2306;2305.9;2306.2;2305.7;916;
9b4d5059-51d3-4154-b0b9-038254cd37fc;2024-06-10T08:14:00Z;2305.8;2306.3;2306.5;2305.7;337;
9b4d5059-51d3-4154-b0b9-038254cd37fc;2024-06-10T08:15:00Z;2306.4;2305.7;2306.5;2305.7;754;
9b4d5059-51d3-4154-b0b9-038254cd37fc;2024-06-10T08:16:00Z;2305.8;2305.7;2305.8;2305.7;164;
9b4d5059-51d3-4154-b0b9-038254cd37fc;2024-06-10T08:17:00Z;2305.8;2306.6;2306.8;2305.8;260;
9b4d5059-51d3-4154-b0b9-038254cd37fc;2024-06-10T08:18:00Z;2306.3;2306;2306.5;2306;94;
9b4d5059-51d3-4154-b0b9-038254cd37fc;2024-06-10T08:19:00Z;2306.1;2305.8;2306.1;2305.7;646;
9b4d5059-51d3-4154-b0b9-038254cd37fc;2024-06-10T08:20:00Z;2305.8;2305.7;2305.8;2305.7;107;
9b4d5059-51d3-4154-b0b9-038254cd37fc;2024-06-10T08:21:00Z;2305.8;2305.7;2305.9;2305.7;67;
9b4d5059-51d3-4154-b0b9-038254cd37fc;2024-06-10T08:22:00Z;2305.7;2305.8;2305.8;2305.7;13;
9b4d5059-51d3-4154-b0b9-038254cd37fc;2024-06-10T08:23:00Z;2305.7;2305.6;2305.7;2305.6;47;
9b4d5059-51d3-4154-b0b9-038254cd37fc;2024-06-10T08:24:00Z;2305.7;2305.7;2305.7;2305.6;18;
9b4d5059-51d3-4154-b0b9-038254cd37fc;2024-06-10T08:25:00Z;2305.6;2305.5;2305.7;2305.5;162;
9b4d5059-51d3-4154-b0b9-038254cd37fc;2024-06-10T08:26:00Z;2305.5;2305.8;2305.8;2305;520;
9b4d5059-51d3-4154-b0b9-038254cd37fc;2024-06-10T08:27:00Z;2305.8;2304.3;2306.4;2304.3;210;
9b4d5059-51d3-4154-b0b9-038254cd37fc;2024-06-10T08:28:00Z;2304.2;2304.6;2304.6;2303.8;483;
9b4d5059-51d3-4154-b0b9-038254cd37fc;2024-06-10T08:29:00Z;2304.5;2304.3;2304.6;2304.1;59;
9b4d5059-51d3-4154-b0b9-038254cd37fc;2024-06-10T08:30:00Z;2304.1;2304.2;2304.3;2304.1;69;
9b4d5059-51d3-4154-b0b9-038254cd37fc;2024-06-10T08:31:00Z;2304.5;2305;2305.2;2304.5;286;
9b4d5059-51d3-4154-b0b9-038254cd37fc;2024-06-10T08:32:00Z;2305;2304.9;2305.1;2304.6;79;
9b4d5059-51d3-4154-b0b9-038254cd37fc;2024-06-10T08:33:00Z;2304.8;2304.5;2304.8;2304.3;81;
9b4d5059-51d3-4154-b0b9-038254cd37fc;2024-06-10T08:34:00Z;2304.7;2304.3;2304.7;2304.3;145;
9b4d5059-51d3-4154-b0b9-038254cd37fc;2024-06-10T08:35:00Z;2304.4;2304.7;2304.7;2304.3;141;
9b4d5059-51d3-4154-b0b9-038254cd37fc;2024-06-10T08:36:00Z;2304.6;2304.5;2304.6;2304.3;102;
9b4d5059-51d3-4154-b0b9-038254cd37fc;2024-06-10T08:37:00Z;2304.4;2304.9;2304.9;2304.4;64;
9b4d5059-51d3-4154-b0b9-038254cd37fc;2024-06-10T08:38:00Z;2305.1;2305.9;2306;2305.1;145;
9b4d5059-51d3-4154-b0b9-038254cd37fc;2024-06-10T08:39:00Z;2305.9;2306.2;2306.2;2305.9;19;
9b4d5059-51d3-4154-b0b9-038254cd37fc;2024-06-10T08:40:00Z;2306.2;2305.4;2306.2;2305.4;54;
9b4d5059-51d3-4154-b0b9-038254cd37fc;2024-06-10T08:41:00Z;2305.5;2305.8;2305.8;2305.5;22;
9b4d5059-51d3-4154-b0b9-038254cd37fc;2024-06-10T08:42:00Z;2306;2305.8;2306;2305.7;38;
9b4d5059-51d3-4154-b0b9-038254cd37fc;2024-06-10T08:43:00Z;2305.7;2305.5;2305.7;2305.4;72;
9b4d5059-51d3-4154-b0b9-038254cd37fc;2024-06-10T08:44:00Z;2305.5;2305.1;2305.6;2304.9;26;
9b4d5059-51d3-4154-b0b9-038254cd37fc;2024-06-10T08:45:00Z;2304.9;2304.7;2305.1;2304.3;300;
9b4d5059-51d3-4154-b0b9-038254cd37fc;2024-06-10T08:46:00Z;2304.8;2305.2;2305.2;2304.7;58;
9b4d5059-51d3-4154-b0b9-038254cd37fc;2024-06-10T08:47:00Z;2305.2;2306;2306;2305.1;354;
9b4d5059-51d3-4154-b0b9-038254cd37fc;2024-06-10T08:48:00Z;2305.8;2305.3;2306;2305.3;671;
9b4d5059-51d3-4154-b0b9-038254cd37fc;2024-06-10T08:49:00Z;2305.3;2305.2;2305.3;2305.1;73;
9b4d5059-51d3-4154-b0b9-038254cd37fc;2024-06-10T08:50:00Z;2305.2;2305.2;2305.2;2305.2;72;
9b4d5059-51d3-4154-b0b9-038254cd37fc;2024-06-10T08:51:00Z;2305.3;2304.2;2305.3;2304.2;171;
9b4d5059-51d3-4154-b0b9-038254cd37fc;2024-06-10T08:52:00Z;2304.2;2302.4;2304.3;2302.3;1574;
9b4d5059-51d3-4154-b0b9-038254cd37fc;2024-06-10T08:53:00Z;2302.3;2302.9;2303.4;2302.3;492;
9b4d5059-51d3-4154-b0b9-038254cd37fc;2024-06-10T08:54:00Z;2302.8;2302.8;2303;2302.5;256;
9b4d5059-51d3-4154-b0b9-038254cd37fc;2024-06-10T08:55:00Z;2303;2302.4;2303;2302.2;122;
9b4d5059-51d3-4154-b0b9-038254cd37fc;2024-06-10T08:56:00Z;2302.4;2302;2302.4;2301.9;96;
9b4d5059-51d3-4154-b0b9-038254cd37fc;2024-06-10T08:57:00Z;2301.9;2301.4;2302;2301;710;
9b4d5059-51d3-4154-b0b9-038254cd37fc;2024-06-10T08:58:00Z;2301.4;2301.5;2301.6;2301.1;320;
9b4d5059-51d3-4154-b0b9-038254cd37fc;2024-06-10T08:59:00Z;2301.4;2301;2301.5;2301;183;
9b4d5059-51d3-4154-b0b9-038254cd37fc;2024-06-10T09:00:00Z;2301.1;2300.4;2301.1;2300.4;350;
9b4d5059-51d3-4154-b0b9-038254cd37fc;2024-06-10T09:01:00Z;2300.5;2301.4;2301.9;2300.5;666;
9b4d5059-51d3-4154-b0b9-038254cd37fc;2024-06-10T09:02:00Z;2301.4;2300.8;2301.4;2300.6;379;
9b4d5059-51d3-4154-b0b9-038254cd37fc;2024-06-10T09:03:00Z;2300.8;2301.9;2302;2300.5;228;
9b4d5059-51d3-4154-b0b9-038254cd37fc;2024-06-10T09:04:00Z;2301.9;2302;2302;2301.8;102;
9b4d5059-51d3-4154-b0b9-038254cd37fc;2024-06-10T09:05:00Z;2301.9;2302.2;2302.2;2301.9;168;
9b4d5059-51d3-4154-b0b9-038254cd37fc;2024-06-10T09:06:00Z;2302.3;2302.1;2302.4;2301.5;272;
9b4d5059-51d3-4154-b0b9-038254cd37fc;2024-06-10T09:07:00Z;2302.1;2302.2;2302.4;2302.1;404;
9b4d5059-51d3-4154-b0b9-038254cd37fc;2024-06-10T09:08:00Z;2302.3;2301.8;2302.3;2301.8;124;
9b4d5059-51d3-4154-b0b9-038254cd37fc;2024-06-10T09:09:00Z;2301.8;2301.8;2301.9;2301.8;89;
9b4d5059-51d3-4154-b0b9-038254cd37fc;2024-06-10T09:10:00Z;2301.8;2301.5;2301.8;2301.5;59;
9b4d5059-51d3-4154-b0b9-038254cd37fc;2024-06-10T09:11:00Z;2301.5;2301.7;2301.7;2301.5;32;
9b4d5059-51d3-4154-b0b9-038254cd37fc;2024-06-10T09:12:00Z;2301.7;2302.1;2302.1;2301.6;375;
9b4d5059-51d3-4154-b0b9-038254cd37fc;2024-06-10T09:13:00Z;2302.2;2302.3;2302.3;2302.2;33;
9b4d5059-51d3-4154-b0b9-038254cd37fc;2024-06-10T09:14:00Z;2302.3;2302.7;2302.7;2302.2;94;
9b4d5059-51d3-4154-b0b9-038254cd37fc;2024-06-10T09:15:00Z;2302.7;2302.9;2303;2302.7;111;
9b4d5059-51d3-4154-b0b9-038254cd37fc;2024-06-10T09:16:00Z;2302.9;2303;2303;2302.9;74;
9b4d5059-51d3-4154-b0b9-038254cd37fc;2024-06-10T09:17:00Z;2303.1;2303.4;2303.5;2303.1;222;
9b4d5059-51d3-4154-b0b9-038254cd37fc;2024-06-10T09:18:00Z;2303.3;2304.4;2304.4;2303.3;502;
9b4d5059-51d3-4154-b0b9-038254cd37fc;2024-06-10T09:19:00Z;2304.4;2304.4;2304.6;2304.1;226;
9b4d5059-51d3-4154-b0b9-038254cd37fc;2024-06-10T09:20:00Z;2304.3;2304.2;2304.4;2304.2;46;
9b4d5059-51d3-4154-b0b9-038254cd37fc;2024-06-10T09:21:00Z;2304.3;2304.2;2304.4;2304.2;29;
9b4d5059-51d3-4154-b0b9-038254cd37fc;2024-06-10T09:22:00Z;2304.2;2304.4;2304.5;2304.1;87;
9b4d5059-51d3-4154-b0b9-038254cd37fc;2024-06-10T09:23:00Z;2304.2;2304.3;2304.3;2304.1;83;
9b4d5059-51d3-4154-b0b9-038254cd37fc;2024-06-10T09:24:00Z;2304.3;2304.3;2304.3;2304.2;60;
9b4d5059-51d3-4154-b0b9-038254cd37fc;2024-06-10T09:25:00Z;2304.3;2304.2;2304.3;2304.1;46;
9b4d5059-51d3-4154-b0b9-038254cd37fc;2024-06-10T09:26:00Z;2304.1;2304.2;2304.2;2304.1;145;
9b4d5059-51d3-4154-b0b9-038254cd37fc;2024-06-10T09:27:00Z;2304.2;2304.5;2304.5;2304.2;72;
9b4d5059-51d3-4154-b0b9-038254cd37fc;2024-06-10T09:28:00Z;2304.4;2304.3;2304.5;2304.2;62;
9b4d5059-51d3-4154-b0b9-038254cd37fc;2024-06-10T09:29:00Z;2304.2;2304.3;2304.4;2304;165;
9b4d5059-51d3-4154-b0b9-038254cd37fc;2024-06-10T09:30:00Z;2304.5;2304.5;2304.5;2304.4;113;
9b4d5059-51d3-4154-b0b9-038254cd37fc;2024-06-10T09:31:00Z;2304.5;2305.4;2305.6;2304.5;608;
9b4d5059-51d3-4154-b0b9-038254cd37fc;2024-06-10T09:32:00Z;2305.6;2305.9;2306;2305.6;267;
9b4d5059-51d3-4154-b0b9-038254cd37fc;2024-06-10T09:33:00Z;2305.8;2305.8;2305.8;2305.3;774;
9b4d5059-51d3-4154-b0b9-038254cd37fc;2024-06-10T09:34:00Z;2305.7;2305.8;2305.8;2305.7;354;
9b4d5059-51d3-4154-b0b9-038254cd37fc;2024-06-10T09:35:00Z;2305.8;2305;2305.9;2305;238;
9b4d5059-51d3-4154-b0b9-038254cd37fc;2024-06-10T09:36:00Z;2305.2;2304.4;2305.3;2304.4;207;
9b4d5059-51d3-4154-b0b9-038254cd37fc;2024-06-10T09:37:00Z;2304.4;2304;2304.4;2304;198;
9b4d5059-51d3-4154-b0b9-038254cd37fc;2024-06-10T09:38:00Z;2304.2;2304.3;2304.8;2304.2;134;
9b4d5059-51d3-4154-b0b9-038254cd37fc;2024-06-10T09:39:00Z;2304.3;2305.2;2305.2;2304.2;142;
9b4d5059-51d3-4154-b0b9-038254cd37fc;2024-06-10T09:40:00Z;2305.2;2305.7;2305.7;2305.2;35;
9b4d5059-51d3-4154-b0b9-038254cd37fc;2024-06-10T09:41:00Z;2305.8;2305.5;2305.8;2305.5;114;
9b4d5059-51d3-4154-b0b9-038254cd37fc;2024-06-10T09:42:00Z;2305.8;2306.2;2306.3;2305.8;388;
9b4d5059-51d3-4154-b0b9-038254cd37fc;2024-06-10T09:43:00Z;2306.2;2305.9;2306.2;2305.7;192;
9b4d5059-51d3-4154-b0b9-038254cd37fc;2024-06-10T09:44:00Z;2305.9;2306.8;2306.8;2305.9;1181;
9b4d5059-51d3-4154-b0b9-038254cd37fc;2024-06-10T09:45:00Z;2306.8;2307.1;2307.1;2306.7;1610;
9b4d5059-51d3-4154-b0b9-038254cd37fc;2024-06-10T09:46:00Z;2307.1;2307;2307.3;2307;801;
9b4d5059-51d3-4154-b0b9-038254cd37fc;2024-06-10T09:47:00Z;2307;2306.7;2307.1;2306.7;679;
9b4d5059-51d3-4154-b0b9-038254cd37fc;2024-06-10T09:48:00Z;2306.7;2306;2306.7;2306;333;
9b4d5059-51d3-4154-b0b9-038254cd37fc;2024-06-10T09:49:00Z;2306;2306;2306.1;2306;32;
9b4d5059-51d3-4154-b0b9-038254cd37fc;2024-06-10T09:50:00Z;2306;2306.1;2306.1;2306;86;
9b4d5059-51d3-4154-b0b9-038254cd37fc;2024-06-10T09:51:00Z;2306;2305.8;2306.2;2305.8;169;
9b4d5059-51d3-4154-b0b9-038254cd37fc;2024-06-10T09:52:00Z;2305.8;2305.6;2305.8;2305.4;296;
9b4d5059-51d3-4154-b0b9-038254cd37fc;2024-06-10T09:53:00Z;2305.7;2305.1;2305.8;2305;481;
9b4d5059-51d3-4154-b0b9-038254cd37fc;2024-06-10T09:54:00Z;2305;2304.3;2305;2304.2;414;
9b4d5059-51d3-4154-b0b9-038254cd37fc;2024-06-10T09:55:00Z;2304.3;2304.5;2304.5;2304.3;115;
9b4d5059-51d3-4154-b0b9-038254cd37fc;2024-06-10T09:56:00Z;2304.5;2304.7;2304.7;2304.5;106;
9b4d5059-51d3-4154-b0b9-038254cd37fc;2024-06-10T09:57:00Z;2304.6;2305;2305;2304.5;65;
9b4d5059-51d3-4154-b0b9-038254cd37fc;2024-06-10T09:58:00Z;2304.9;2304.6;2305.2;2304.5;245;
9b4d5059-51d3-4154-b0b9-038254cd37fc;2024-06-10T09:59:00Z;2304.7;2305.3;2305.3;2304.5;235;
9b4d5059-51d3-4154-b0b9-038254cd37fc;2024-06-10T10:00:00Z;2305.2;2305.5;2305.5;2305.2;126;
9b4d5059-51d3-4154-b0b9-038254cd37fc;2024-06-10T10:01:00Z;2305.5;2306.3;2306.3;2305.4;1039;
9b4d5059-51d3-4154-b0b9-038254cd37fc;2024-06-10T10:02:00Z;2306.3;2306.7;2306.7;2306.3;106;
9b4d5059-51d3-4154-b0b9-038254cd37fc;2024-06-10T10:03:00Z;2306.6;2307.1;2307.1;2306.5;341;
9b4d5059-51d3-4154-b0b9-038254cd37fc;2024-06-10T10:04:00Z;2307.1;2306.1;2307.1;2306.1;264;
9b4d5059-51d3-4154-b0b9-038254cd37fc;2024-06-10T10:05:00Z;2306.1;2306.6;2307;2306.1;349;
9b4d5059-51d3-4154-b0b9-038254cd37fc;2024-06-10T10:06:00Z;2306.4;2306.7;2307;2305.9;462;
9b4d5059-51d3-4154-b0b9-038254cd37fc;2024-06-10T10:07:00Z;2306.9;2306.3;2306.9;2306.3;177;
9b4d5059-51d3-4154-b0b9-038254cd37fc;2024-06-10T10:08:00Z;2306.1;2305.6;2306.1;2305.5;239;
9b4d5059-51d3-4154-b0b9-038254cd37fc;2024-06-10T10:09:00Z;2305.8;2305.7;2305.8;2305.6;14;
9b4d5059-51d3-4154-b0b9-038254cd37fc;2024-06-10T10:10:00Z;2305.7;2305.9;2305.9;2305.7;41;
9b4d5059-51d3-4154-b0b9-038254cd37fc;2024-06-10T10:11:00Z;2305.8;2305.5;2305.9;2305.5;101;
9b4d5059-51d3-4154-b0b9-038254cd37fc;2024-06-10T10:12:00Z;2305.4;2306.5;2306.5;2305.3;145;
9b4d5059-51d3-4154-b0b9-038254cd37fc;2024-06-10T10:13:00Z;2306.5;2306.5;2306.5;2306.4;25;
9b4d5059-51d3-4154-b0b9-038254cd37fc;2024-06-10T10:14:00Z;2306.5;2306;2306.5;2305.9;510;
9b4d5059-51d3-4154-b0b9-038254cd37fc;2024-06-10T10:15:00Z;2306;2305.9;2306;2305.9;197;
9b4d5059-51d3-4154-b0b9-038254cd37fc;2024-06-10T10:16:00Z;2306;2306.8;2306.8;2305.9;329;
9b4d5059-51d3-4154-b0b9-038254cd37fc;2024-06-10T10:17:00Z;2306.7;2306.5;2306.7;2306.5;47;
9b4d5059-51d3-4154-b0b9-038254cd37fc;2024-06-10T10:18:00Z;2306.5;2306;2306.5;2305.9;57;
9b4d5059-51d3-4154-b0b9-038254cd37fc;2024-06-10T10:19:00Z;2306;2305.6;2306;2305.6;50;
9b4d5059-51d3-4154-b0b9-038254cd37fc;2024-06-10T10:20:00Z;2305.6;2305.7;2305.7;2305.6;48;
9b4d5059-51d3-4154-b0b9-038254cd37fc;2024-06-10T10:21:00Z;2305.7;2305.8;2306;2305.6;27;
9b4d5059-51d3-4154-b0b9-038254cd37fc;2024-06-10T10:22:00Z;2305.8;2305.9;2306;2305.8;42;
9b4d5059-51d3-4154-b0b9-038254cd37fc;2024-06-10T10:23:00Z;2306;2306;2306;2305.9;41;
9b4d5059-51d3-4154-b0b9-038254cd37fc;2024-06-10T10:24:00Z;2306;2305.9;2306;2305.9;17;
9b4d5059-51d3-4154-b0b9-038254cd37fc;2024-06-10T10:25:00Z;2305.9;2305.9;2306;2305.9;144;
9b4d5059-51d3-4154-b0b9-038254cd37fc;2024-06-10T10:26:00Z;2306;2306;2306;2305.9;32;
9b4d5059-51d3-4154-b0b9-038254cd37fc;2024-06-10T10:27:00Z;2305.9;2306;2306;2305.9;13;
9b4d5059-51d3-4154-b0b9-038254cd37fc;2024-06-10T10:28:00Z;2306;2305.1;2306;2304.6;728;
9b4d5059-51d3-4154-b0b9-038254cd37fc;2024-06-10T10:29:00Z;2305.2;2305.3;2305.4;2304.9;130;
9b4d5059-51d3-4154-b0b9-038254cd37fc;2024-06-10T10:30:00Z;2305.3;2305.2;2305.3;2305.2;87;
9b4d5059-51d3-4154-b0b9-038254cd37fc;2024-06-10T10:31:00Z;2305.2;2305.3;2305.3;2305.2;6;
9b4d5059-51d3-4154-b0b9-038254cd37fc;2024-06-10T10:32:00Z;2305.3;2305.7;2305.8;2305.3;168;
9b4d5059-51d3-4154-b0b9-038254cd37fc;2024-06-10T10:33:00Z;2305.8;2305.2;2305.8;2305.2;31;
9b4d5059-51d3-4154-b0b9-038254cd37fc;2024-06-10T10:34:00Z;2305.1;2304.7;2305.1;2304.7;40;
9b4d5059-51d3-4154-b0b9-038254cd37fc;2024-06-10T10:35:00Z;2304.7;2305;2305;2304.6;129;
9b4d5059-51d3-4154-b0b9-038254cd37fc;2024-06-10T10:36:00Z;2305;2305;2305.1;2305;320;
9b4d5059-51d3-4154-b0b9-038254cd37fc;2024-06-10T10:37:00Z;2304.8;2305.1;2305.1;2304.7;213;
9b4d5059-51d3-4154-b0b9-038254cd37fc;2024-06-10T10:38:00Z;2305;2305.4;2305.5;2305;416;
9b4d5059-51d3-4154-b0b9-038254cd37fc;2024-06-10T10:39:00Z;2305.4;2305.5;2305.5;2305.4;60;
9b4d5059-51d3-4154-b0b9-038254cd37fc;2024-06-10T10:40:00Z;2305.5;2305.5;2305.5;2305.4;128;
9b4d5059-51d3-4154-b0b9-038254cd37fc;2024-06-10T10:41:00Z;2305.5;2305.8;2305.8;2305.5;417;
9b4d5059-51d3-4154-b0b9-038254cd37fc;2024-06-10T10:42:00Z;2305.7;2305.7;2305.7;2305.7;7;
9b4d5059-51d3-4154-b0b9-038254cd37fc;2024-06-10T10:43:00Z;2305.6;2305.6;2305.6;2305.6;55;
9b4d5059-51d3-4154-b0b9-038254cd37fc;2024-06-10T10:44:00Z;2305.8;2305.9;2305.9;2305.8;26;
9b4d5059-51d3-4154-b0b9-038254cd37fc;2024-06-10T10:45:00Z;2306;2305.6;2306;2305.6;43;
9b4d5059-51d3-4154-b0b9-038254cd37fc;2024-06-10T10:46:00Z;2305.6;2305.1;2305.6;2304.9;24;
9b4d5059-51d3-4154-b0b9-038254cd37fc;2024-06-10T10:47:00Z;2305;2305.2;2305.3;2305;26;
9b4d5059-51d3-4154-b0b9-038254cd37fc;2024-06-10T10:48:00Z;2305.3;2305.6;2306;2305.3;66;
9b4d5059-51d3-4154-b0b9-038254cd37fc;2024-06-10T10:49:00Z;2305.9;2306.5;2306.8;2305.9;492;
9b4d5059-51d3-4154-b0b9-038254cd37fc;2024-06-10T10:50:00Z;2306.6;2306.4;2306.6;2306.3;96;
9b4d5059-51d3-4154-b0b9-038254cd37fc;2024-06-10T10:51:00Z;2306.5;2306.5;2306.5;2306.5;20;
9b4d5059-51d3-4154-b0b9-038254cd37fc;2024-06-10T10:52:00Z;2306.5;2306.5;2306.5;2306.4;13;
9b4d5059-51d3-4154-b0b9-038254cd37fc;2024-06-10T10:53:00Z;2306.6;2307.5;2307.7;2306.6;878;
9b4d5059-51d3-4154-b0b9-038254cd37fc;2024-06-10T10:54:00Z;2307.6;2308.2;2308.2;2307.6;541;
9b4d5059-51d3-4154-b0b9-038254cd37fc;2024-06-10T10:55:00Z;2308.1;2308.3;2308.3;2308.1;261;
9b4d5059-51d3-4154-b0b9-038254cd37fc;2024-06-10T10:56:00Z;2308.3;2308.3;2308.3;2308.2;99;
9b4d5059-51d3-4154-b0b9-038254cd37fc;2024-06-10T10:57:00Z;2308.2;2308.5;2308.9;2308.2;1565;
9b4d5059-51d3-4154-b0b9-038254cd37fc;2024-06-10T10:58:00Z;2308.5;2308.6;2308.8;2308.4;156;
9b4d5059-51d3-4154-b0b9-038254cd37fc;2024-06-10T10:59:00Z;2308.6;2309;2309;2308.4;190;
9b4d5059-51d3-4154-b0b9-038254cd37fc;2024-06-10T11:05:00Z;2308.8;2309;2309.8;2308.7;1338;
9b4d5059-51d3-4154-b0b9-038254cd37fc;2024-06-10T11:06:00Z;2309;2309.1;2309.7;2308.9;423;
9b4d5059-51d3-4154-b0b9-038254cd37fc;2024-06-10T11:07:00Z;2309.2;2309.1;2309.3;2309.1;58;
9b4d5059-51d3-4154-b0b9-038254cd37fc;2024-06-10T11:08:00Z;2309.1;2309.3;2309.3;2309;77;
9b4d5059-51d3-4154-b0b9-038254cd37fc;2024-06-10T11:09:00Z;2309.2;2309.3;2309.3;2309.1;34;
9b4d5059-51d3-4154-b0b9-038254cd37fc;2024-06-10T11:10:00Z;2309.2;2309.4;2309.4;2309.1;99;
9b4d5059-51d3-4154-b0b9-038254cd37fc;2024-06-10T11:11:00Z;2309.6;2309.9;2310;2309.5;824;
9b4d5059-51d3-4154-b0b9-038254cd37fc;2024-06-10T11:12:00Z;2309.9;2311;2311.5;2309.9;1421;
9b4d5059-51d3-4154-b0b9-038254cd37fc;2024-06-10T11:13:00Z;2311.1;2311;2311.5;2311;631;
9b4d5059-51d3-4154-b0b9-038254cd37fc;2024-06-10T11:14:00Z;2311.1;2311.2;2311.4;2310.8;649;
9b4d5059-51d3-4154-b0b9-038254cd37fc;2024-06-10T11:15:00Z;2311.2;2311.1;2311.2;2310.9;193;
9b4d5059-51d3-4154-b0b9-038254cd37fc;2024-06-10T11:16:00Z;2311.1;2310.7;2311.2;2310.7;290;
9b4d5059-51d3-4154-b0b9-038254cd37fc;2024-06-10T11:17:00Z;2310.6;2309.6;2310.6;2309.6;547;
9b4d5059-51d3-4154-b0b9-038254cd37fc;2024-06-10T11:18:00Z;2309.7;2310.9;2310.9;2309.7;183;
9b4d5059-51d3-4154-b0b9-038254cd37fc;2024-06-10T11:19:00Z;2310.8;2311;2311.2;2310.8;444;
9b4d5059-51d3-4154-b0b9-038254cd37fc;2024-06-10T11:20:00Z;2311.2;2311.3;2311.4;2311;99;
9b4d5059-51d3-4154-b0b9-038254cd37fc;2024-06-10T11:21:00Z;2311.3;2311.4;2311.4;2311.1;214;
9b4d5059-51d3-4154-b0b9-038254cd37fc;2024-06-10T11:22:00Z;2311.4;2311.1;2311.4;2311;145;
9b4d5059-51d3-4154-b0b9-038254cd37fc;2024-06-10T11:23:00Z;2311;2311;2311.1;2311;540;
9b4d5059-51d3-4154-b0b9-038254cd37fc;2024-06-10T11:24:00Z;2311;2310.7;2311.1;2310.6;603;
9b4d5059-51d3-4154-b0b9-038254cd37fc;2024-06-10T11:25:00Z;2310.7;2310.7;2310.9;2310.4;181;
9b4d5059-51d3-4154-b0b9-038254cd37fc;2024-06-10T11:26:00Z;2310.6;2310.2;2310.6;2310.1;172;
9b4d5059-51d3-4154-b0b9-038254cd37fc;2024-06-10T11:27:00Z;2310.3;2309.4;2310.4;2309.3;241;
9b4d5059-51d3-4154-b0b9-038254cd37fc;2024-06-10T11:28:00Z;2309.4;2309;2309.4;2308.8;153;
9b4d5059-51d3-4154-b0b9-038254cd37fc;2024-06-10T11:29:00Z;2309;2309;2309;2308.9;87;
9b4d5059-51d3-4154-b0b9-038254cd37fc;2024-06-10T11:30:00Z;2309;2309;2309;2308.9;185;
9b4d5059-51d3-4154-b0b9-038254cd37fc;2024-06-10T11:31:00Z;2308.9;2308.8;2309;2308.7;680;
9b4d5059-51d3-4154-b0b9-038254cd37fc;2024-06-10T11:32:00Z;2308.8;2309.4;2309.4;2308.8;1336;
9b4d5059-51d3-4154-b0b9-038254cd37fc;2024-06-10T11:33:00Z;2309.4;2309.8;2309.8;2309.3;89;
9b4d5059-51d3-4154-b0b9-038254cd37fc;2024-06-10T11:34:00Z;2309.9;2310.9;2310.9;2309.8;1041;
9b4d5059-51d3-4154-b0b9-038254cd37fc;2024-06-10T11:35:00Z;2310.9;2310.4;2311.1;2310.4;298;
9b4d5059-51d3-4154-b0b9-038254cd37fc;2024-06-10T11:36:00Z;2310.5;2310.5;2310.5;2310.4;305;
9b4d5059-51d3-4154-b0b9-038254cd37fc;2024-06-10T11:37:00Z;2310.5;2310.3;2310.5;2310.3;61;
9b4d5059-51d3-4154-b0b9-038254cd37fc;2024-06-10T11:38:00Z;2310.3;2310;2310.3;2309.8;141;
9b4d5059-51d3-4154-b0b9-038254cd37fc;2024-06-10T11:39:00Z;2310;2310;2310.2;2310;135;
9b4d5059-51d3-4154-b0b9-038254cd37fc;2024-06-10T11:40:00Z;2309.9;2310;2310.1;2309.9;55;
9b4d5059-51d3-4154-b0b9-038254cd37fc;2024-06-10T11:41:00Z;2310.1;2309.5;2310.1;2309.4;449;
9b4d5059-51d3-4154-b0b9-038254cd37fc;2024-06-10T11:42:00Z;2309.4;2309.4;2309.5;2309.4;187;
9b4d5059-51d3-4154-b0b9-038254cd37fc;2024-06-10T11:43:00Z;2309.5;2309.4;2309.5;2309.4;49;
9b4d5059-51d3-4154-b0b9-038254cd37fc;2024-06-10T11:44:00Z;2309.5;2309.5;2309.5;2309.4;16;
9b4d5059-51d3-4154-b0b9-038254cd37fc;2024-06-10T11:45:00Z;2309.5;2310;2310;2309.3;150;
9b4d5059-51d3-4154-b0b9-038254cd37fc;2024-06-10T11:46:00Z;2310;2310.4;2310.4;2309.9;98;
9b4d5059-51d3-4154-b0b9-038254cd37fc;2024-06-10T11:47:00Z;2310.3;2310.4;2310.4;2310;99;
9b4d5059-51d3-4154-b0b9-038254cd37fc;2024-06-10T11:48:00Z;2310.3;2309;2310.3;2309;370;
9b4d5059-51d3-4154-b0b9-038254cd37fc;2024-06-10T11:49:00Z;2309.1;2309.5;2309.5;2309.1;89;
9b4d5059-51d3-4154-b0b9-038254cd37fc;2024-06-10T11:50:00Z;2309.7;2310.3;2310.3;2309.4;143;
9b4d5059-51d3-4154-b0b9-038254cd37fc;2024-06-10T11:51:00Z;2310.3;2310.3;2310.6;2310.3;179;
9b4d5059-51d3-4154-b0b9-038254cd37fc;2024-06-10T11:52:00Z;2310.3;2310.2;2310.3;2310.2;15;
9b4d5059-51d3-4154-b0b9-038254cd37fc;2024-06-10T11:53:00Z;2310.3;2310.7;2310.7;2310.3;143;
9b4d5059-51d3-4154-b0b9-038254cd37fc;2024-06-10T11:54:00Z;2310.7;2312.1;2312.1;2310.7;467;
9b4d5059-51d3-4154-b0b9-038254cd37fc;2024-06-10T11:55:00Z;2312.1;2314;2314.6;2312.1;2867;
9b4d5059-51d3-4154-b0b9-038254cd37fc;2024-06-10T11:56:00Z;2313.9;2314.5;2314.7;2313.7;1515;
9b4d5059-51d3-4154-b0b9-038254cd37fc;2024-06-10T11:57:00Z;2314.6;2314.7;2314.8;2314.1;577;
9b4d5059-51d3-4154-b0b9-038254cd37fc;2024-06-10T11:58:00Z;2314.7;2316.1;2316.1;2314.7;1625;
9b4d5059-51d3-4154-b0b9-038254cd37fc;2024-06-10T11:59:00Z;2316;2315.7;2316.1;2315.4;1286;
9b4d5059-51d3-4154-b0b9-038254cd37fc;2024-06-10T12:00:00Z;2315.8;2316.2;2316.8;2315.8;1479;
9b4d5059-51d3-4154-b0b9-038254cd37fc;2024-06-10T12:01:00Z;2316.2;2315.4;2316.7;2315.2;641;
9b4d5059-51d3-4154-b0b9-038254cd37fc;2024-06-10T12:02:00Z;2315.5;2315.1;2315.7;2315.1;1444;
9b4d5059-51d3-4154-b0b9-038254cd37fc;2024-06-10T12:03:00Z;2315.1;2315.3;2315.4;2314.6;512;
9b4d5059-51d3-4154-b0b9-038254cd37fc;2024-06-10T12:04:00Z;2315.2;2315.5;2315.5;2314.9;230;
9b4d5059-51d3-4154-b0b9-038254cd37fc;2024-06-10T12:05:00Z;2315.5;2314.6;2315.6;2314.5;218;
9b4d5059-51d3-4154-b0b9-038254cd37fc;2024-06-10T12:06:00Z;2314.5;2315.5;2315.5;2314.5;635;
9b4d5059-51d3-4154-b0b9-038254cd37fc;2024-06-10T12:07:00Z;2315.5;2314.6;2315.5;2314.6;208;
9b4d5059-51d3-4154-b0b9-038254cd37fc;2024-06-10T12:08:00Z;2314.5;2314.1;2314.5;2314.1;560;
9b4d5059-51d3-4154-b0b9-038254cd37fc;2024-06-10T12:09:00Z;2314.1;2314.2;2314.5;2314;181;
9b4d5059-51d3-4154-b0b9-038254cd37fc;2024-06-10T12:10:00Z;2314.2;2313.9;2314.2;2313.9;144;
9b4d5059-51d3-4154-b0b9-038254cd37fc;2024-06-10T12:11:00Z;2313.9;2315;2315.1;2313.9;713;
9b4d5059-51d3-4154-b0b9-038254cd37fc;2024-06-10T12:12:00Z;2315.1;2315.6;2315.8;2315;421;
9b4d5059-51d3-4154-b0b9-038254cd37fc;2024-06-10T12:13:00Z;2315.5;2315.9;2315.9;2315.4;150;
9b4d5059-51d3-4154-b0b9-038254cd37fc;2024-06-10T12:14:00Z;2315.9;2316.3;2316.6;2315.9;570;
9b4d5059-51d3-4154-b0b9-038254cd37fc;2024-06-10T12:15:00Z;2316.3;2317.1;2317.2;2316.2;476;
9b4d5059-51d3-4154-b0b9-038254cd37fc;2024-06-10T12:16:00Z;2316.9;2317.2;2317.2;2316.9;314;
9b4d5059-51d3-4154-b0b9-038254cd37fc;2024-06-10T12:17:00Z;2317.2;2315.5;2317.2;2315.5;384;
9b4d5059-51d3-4154-b0b9-038254cd37fc;2024-06-10T12:18:00Z;2315.6;2317.1;2317.2;2315.6;196;
9b4d5059-51d3-4154-b0b9-038254cd37fc;2024-06-10T12:19:00Z;2317.2;2318.5;2318.5;2317.1;689;
9b4d5059-51d3-4154-b0b9-038254cd37fc;2024-06-10T12:20:00Z;2318.4;2318.6;2318.6;2317.2;388;
9b4d5059-51d3-4154-b0b9-038254cd37fc;2024-06-10T12:21:00Z;2318.6;2317;2319;2316.8;1109;
9b4d5059-51d3-4154-b0b9-038254cd37fc;2024-06-10T12:22:00Z;2317;2316.7;2317.3;2316.7;187;
9b4d5059-51d3-4154-b0b9-038254cd37fc;2024-06-10T12:23:00Z;2316.7;2315.9;2317;2315.9;341;
9b4d5059-51d3-4154-b0b9-038254cd37fc;2024-06-10T12:24:00Z;2315.8;2315.8;2316.4;2315.7;396;
9b4d5059-51d3-4154-b0b9-038254cd37fc;2024-06-10T12:25:00Z;2315.8;2315.1;2315.8;2314.9;350;
9b4d5059-51d3-4154-b0b9-038254cd37fc;2024-06-10T12:26:00Z;2315.1;2315.8;2315.8;2315;247;
9b4d5059-51d3-4154-b0b9-038254cd37fc;2024-06-10T12:27:00Z;2315.8;2315.1;2315.8;2314.9;217;
9b4d5059-51d3-4154-b0b9-038254cd37fc;2024-06-10T12:28:00Z;2315.1;2316.9;2316.9;2315.1;148;
9b4d5059-51d3-4154-b0b9-038254cd37fc;2024-06-10T12:29:00Z;2316.7;2317.1;2317.1;2316.3;99;
9b4d5059-51d3-4154-b0b9-038254cd37fc;2024-06-10T12:30:00Z;2317.1;2315.5;2317.1;2315.5;160;
9b4d5059-51d3-4154-b0b9-038254cd37fc;2024-06-10T12:31:00Z;2315.4;2315.2;2315.5;2314.9;366;
9b4d5059-51d3-4154-b0b9-038254cd37fc;2024-06-10T12:32:00Z;2315.3;2314.6;2315.6;2314.6;233;
9b4d5059-51d3-4154-b0b9-038254cd37fc;2024-06-10T12:33:00Z;2314.8;2314.5;2315;2314.2;208;
9b4d5059-51d3-4154-b0b9-038254cd37fc;2024-06-10T12:34:00Z;2314.4;2315.8;2315.9;2314.4;248;
9b4d5059-51d3-4154-b0b9-038254cd37fc;2024-06-10T12:35:00Z;2316;2316.1;2316.1;2315.3;131;
9b4d5059-51d3-4154-b0b9-038254cd37fc;2024-06-10T12:36:00Z;2316.1;2315.1;2316.2;2314.9;214;
9b4d5059-51d3-4154-b0b9-038254cd37fc;2024-06-10T12:37:00Z;2315.2;2315;2315.3;2314.7;105;
9b4d5059-51d3-4154-b0b9-038254cd37fc;2024-06-10T12:38:00Z;2315;2314.8;2315.1;2314.8;756;
9b4d5059-51d3-4154-b0b9-038254cd37fc;2024-06-10T12:39:00Z;2314.8;2314.8;2314.9;2314.7;237;
9b4d5059-51d3-4154-b0b9-038254cd37fc;2024-06-10T12:40:00Z;2314.7;2314.8;2315;2314.7;79;
9b4d5059-51d3-4154-b0b9-038254cd37fc;2024-06-10T12:41:00Z;2314.9;2314.7;2314.9;2314.5;96;
9b4d5059-51d3-4154-b0b9-038254cd37fc;2024-06-10T12:42:00Z;2314.7;2314.9;2314.9;2314.6;92;
9b4d5059-51d3-4154-b0b9-038254cd37fc;2024-06-10T12:43:00Z;2314.8;2314.1;2314.8;2314.1;368;
9b4d5059-51d3-4154-b0b9-038254cd37fc;2024-06-10T12:44:00Z;2314;2314.5;2314.6;2314;165;
9b4d5059-51d3-4154-b0b9-038254cd37fc;2024-06-10T12:45:00Z;2314.5;2314.2;2314.7;2314.2;140;
9b4d5059-51d3-4154-b0b9-038254cd37fc;2024-06-10T12:46:00Z;2314.3;2313.7;2314.3;2313.6;335;
9b4d5059-51d3-4154-b0b9-038254cd37fc;2024-06-10T12:47:00Z;2313.7;2315;2315.1;2313.7;443;
9b4d5059-51d3-4154-b0b9-038254cd37fc;2024-06-10T12:48:00Z;2315.1;2315.3;2315.3;2315.1;122;
9b4d5059-51d3-4154-b0b9-038254cd37fc;2024-06-10T12:49:00Z;2315.2;2315.1;2315.3;2315;50;
9b4d5059-51d3-4154-b0b9-038254cd37fc;2024-06-10T12:50:00Z;2315;2314.4;2315;2314.3;45;
9b4d5059-51d3-4154-b0b9-038254cd37fc;2024-06-10T12:51:00Z;2314.4;2314.4;2314.4;2314.1;140;
9b4d5059-51d3-4154-b0b9-038254cd37fc;2024-06-10T12:52:00Z;2314.3;2314.3;2314.5;2314.1;125;
9b4d5059-51d3-4154-b0b9-038254cd37fc;2024-06-10T12:53:00Z;2314.4;2314.2;2314.4;2314.1;102;
9b4d5059-51d3-4154-b0b9-038254cd37fc;2024-06-10T12:54:00Z;2314.1;2314.2;2314.2;2314.1;90;
9b4d5059-51d3-4154-b0b9-038254cd37fc;2024-06-10T12:55:00Z;2314.2;2313.8;2314.2;2313.8;84;
9b4d5059-51d3-4154-b0b9-038254cd37fc;2024-06-10T12:56:00Z;2313.9;2313.9;2314;2313.8;49;
9b4d5059-51d3-4154-b0b9-038254cd37fc;2024-06-10T12:57:00Z;2313.9;2313.2;2313.9;2313.2;279;
9b4d5059-51d3-4154-b0b9-038254cd37fc;2024-06-10T12:58:00Z;2313.2;2314.2;2314.2;2313.2;642;
9b4d5059-51d3-4154-b0b9-038254cd37fc;2024-06-10T12:59:00Z;2314.2;2314.6;2314.7;2314.2;166;
9b4d5059-51d3-4154-b0b9-038254cd37fc;2024-06-10T13:00:00Z;2314.8;2314.1;2314.9;2314.1;95;
9b4d5059-51d3-4154-b0b9-038254cd37fc;2024-06-10T13:01:00Z;2314;2314.2;2314.3;2314;41;
9b4d5059-51d3-4154-b0b9-038254cd37fc;2024-06-10T13:02:00Z;2314.2;2315.6;2315.6;2314.2;234;
9b4d5059-51d3-4154-b0b9-038254cd37fc;2024-06-10T13:03:00Z;2315.6;2315.9;2316.5;2315.5;578;
9b4d5059-51d3-4154-b0b9-038254cd37fc;2024-06-10T13:04:00Z;2315.6;2315.7;2315.9;2315.3;145;
9b4d5059-51d3-4154-b0b9-038254cd37fc;2024-06-10T13:05:00Z;2315.6;2316;2316.3;2315.5;80;
9b4d5059-51d3-4154-b0b9-038254cd37fc;2024-06-10T13:06:00Z;2315.9;2315.6;2316;2315.4;28;
9b4d5059-51d3-4154-b0b9-038254cd37fc;2024-06-10T13:07:00Z;2315.6;2315.3;2315.8;2315.2;106;
9b4d5059-51d3-4154-b0b9-038254cd37fc;2024-06-10T13:08:00Z;2315.2;2314.4;2315.2;2314.4;132;
9b4d5059-51d3-4154-b0b9-038254cd37fc;2024-06-10T13:09:00Z;2314.4;2313.5;2314.4;2313.5;163;
9b4d5059-51d3-4154-b0b9-038254cd37fc;2024-06-10T13:10:00Z;2313.5;2314;2314;2313.5;104;
9b4d5059-51d3-4154-b0b9-038254cd37fc;2024-06-10T13:11:00Z;2314;2314;2314.4;2313.9;155;
9b4d5059-51d3-4154-b0b9-038254cd37fc;2024-06-10T13:12:00Z;2314.1;2314.5;2314.7;2314;52;
9b4d5059-51d3-4154-b0b9-038254cd37fc;2024-06-10T13:13:00Z;2314.5;2314.5;2314.6;2314.1;98;
9b4d5059-51d3-4154-b0b9-038254cd37fc;2024-06-10T13:14:00Z;2314.7;2315.3;2315.4;2314.6;72;
9b4d5059-51d3-4154-b0b9-038254cd37fc;2024-06-10T13:15:00Z;2315.4;2315.3;2315.4;2315.1;48;
9b4d5059-51d3-4154-b0b9-038254cd37fc;2024-06-10T13:16:00Z;2315.3;2315.1;2315.3;2314.9;58;
9b4d5059-51d3-4154-b0b9-038254cd37fc;2024-06-10T13:17:00Z;2315.4;2315.9;2316;2315.4;303;
9b4d5059-51d3-4154-b0b9-038254cd37fc;2024-06-10T13:18:00Z;2315.9;2315.7;2316.2;2315.6;118;
9b4d5059-51d3-4154-b0b9-038254cd37fc;2024-06-10T13:19:00Z;2316.1;2315;2316.1;2315;18;
9b4d5059-51d3-4154-b0b9-038254cd37fc;2024-06-10T13:20:00Z;2315;2314.8;2315;2314.3;129;
9b4d5059-51d3-4154-b0b9-038254cd37fc;2024-06-10T13:21:00Z;2315.1;2316.1;2316.1;2315;80;
9b4d5059-51d3-4154-b0b9-038254cd37fc;2024-06-10T13:22:00Z;2316.3;2316.3;2316.6;2316.2;92;
9b4d5059-51d3-4154-b0b9-038254cd37fc;2024-06-10T13:23:00Z;2316.3;2316.5;2316.6;2316.1;275;
9b4d5059-51d3-4154-b0b9-038254cd37fc;2024-06-10T13:24:00Z;2316.3;2316.3;2316.4;2316.1;60;
9b4d5059-51d3-4154-b0b9-038254cd37fc;2024-06-10T13:25:00Z;2316.1;2314.7;2316.1;2314.7;114;
9b4d5059-51d3-4154-b0b9-038254cd37fc;2024-06-10T13:26:00Z;2315;2314.1;2315.1;2314;153;
9b4d5059-51d3-4154-b0b9-038254cd37fc;2024-06-10T13:27:00Z;2314.1;2313.7;2314.1;2313.6;315;
9b4d5059-51d3-4154-b0b9-038254cd37fc;2024-06-10T13:28:00Z;2313.6;2312.3;2313.7;2311.9;1404;
9b4d5059-51d3-4154-b0b9-038254cd37fc;2024-06-10T13:29:00Z;2312.2;2312;2312.3;2311.6;933;
9b4d5059-51d3-4154-b0b9-038254cd37fc;2024-06-10T13:30:00Z;2312.1;2310.8;2312.1;2310.8;1089;
9b4d5059-51d3-4154-b0b9-038254cd37fc;2024-06-10T13:31:00Z;2310.8;2310.4;2311.8;2310.4;1295;
9b4d5059-51d3-4154-b0b9-038254cd37fc;2024-06-10T13:32:00Z;2310.4;2311;2311.2;2310.3;910;
9b4d5059-51d3-4154-b0b9-038254cd37fc;2024-06-10T13:33:00Z;2310.9;2310.8;2311.2;2310.5;148;
9b4d5059-51d3-4154-b0b9-038254cd37fc;2024-06-10T13:34:00Z;2311;2309.7;2311.1;2309.2;1258;
9b4d5059-51d3-4154-b0b9-038254cd37fc;2024-06-10T13:35:00Z;2309.7;2310.4;2310.4;2308.9;485;
9b4d5059-51d3-4154-b0b9-038254cd37fc;2024-06-10T13:36:00Z;2310.3;2312.4;2312.9;2310.3;624;
9b4d5059-51d3-4154-b0b9-038254cd37fc;2024-06-10T13:37:00Z;2312.5;2312.5;2313.4;2312.5;596;
9b4d5059-51d3-4154-b0b9-038254cd37fc;2024-06-10T13:38:00Z;2312.6;2312.2;2312.8;2312.1;143;
9b4d5059-51d3-4154-b0b9-038254cd37fc;2024-06-10T13:39:00Z;2312.1;2311.4;2312.1;2310.5;310;
9b4d5059-51d3-4154-b0b9-038254cd37fc;2024-06-10T13:40:00Z;2311.4;2310.9;2311.8;2310.7;91;
9b4d5059-51d3-4154-b0b9-038254cd37fc;2024-06-10T13:41:00Z;2310.9;2311.3;2311.7;2310.8;112;
9b4d5059-51d3-4154-b0b9-038254cd37fc;2024-06-10T13:42:00Z;2311;2311.5;2311.7;2310.8;84;
9b4d5059-51d3-4154-b0b9-038254cd37fc;2024-06-10T13:43:00Z;2311.5;2311;2311.8;2311;65;
9b4d5059-51d3-4154-b0b9-038254cd37fc;2024-06-10T13:44:00Z;2311.2;2311.7;2312.1;2311.2;150;
9b4d5059-51d3-4154-b0b9-038254cd37fc;2024-06-10T13:45:00Z;2311.6;2309.9;2311.6;2309.8;332;
9b4d5059-51d3-4154-b0b9-038254cd37fc;2024-06-10T13:46:00Z;2309.8;2308.9;2309.8;2308.9;462;
9b4d5059-51d3-4154-b0b9-038254cd37fc;2024-06-10T13:47:00Z;2308.8;2307.9;2308.8;2307.8;695;
9b4d5059-51d3-4154-b0b9-038254cd37fc;2024-06-10T13:48:00Z;2307.9;2309.8;2309.8;2307.9;896;
9b4d5059-51d3-4154-b0b9-038254cd37fc;2024-06-10T13:49:00Z;2309.9;2310.1;2310.1;2309.5;372;
9b4d5059-51d3-4154-b0b9-038254cd37fc;2024-06-10T13:50:00Z;2310.1;2310.3;2310.4;2309.8;248;
9b4d5059-51d3-4154-b0b9-038254cd37fc;2024-06-10T13:51:00Z;2310.4;2311.3;2311.3;2310.4;163;
9b4d5059-51d3-4154-b0b9-038254cd37fc;2024-06-10T13:52:00Z;2311.1;2311.3;2311.4;2311.1;259;
9b4d5059-51d3-4154-b0b9-038254cd37fc;2024-06-10T13:53:00Z;2311.4;2311.7;2311.7;2311.4;179;
9b4d5059-51d3-4154-b0b9-038254cd37fc;2024-06-10T13:54:00Z;2311.6;2310.5;2311.7;2310.4;149;
9b4d5059-51d3-4154-b0b9-038254cd37fc;2024-06-10T13:55:00Z;2310.8;2311.7;2311.9;2310.8;339;
9b4d5059-51d3-4154-b0b9-038254cd37fc;2024-06-10T13:56:00Z;2311.7;2311.7;2311.9;2311.3;128;
9b4d5059-51d3-4154-b0b9-038254cd37fc;2024-06-10T13:57:00Z;2311.7;2313.1;2313.1;2311.7;615;
9b4d5059-51d3-4154-b0b9-038254cd37fc;2024-06-10T13:58:00Z;2313;2312.9;2313.2;2312.8;196;
9b4d5059-51d3-4154-b0b9-038254cd37fc;2024-06-10T13:59:00Z;2312.9;2313.4;2313.4;2312.7;177;
9b4d5059-51d3-4154-b0b9-038254cd37fc;2024-06-10T14:00:00Z;2313.3;2312.6;2313.9;2312.6;451;
9b4d5059-51d3-4154-b0b9-038254cd37fc;2024-06-10T14:01:00Z;2312.5;2312.7;2312.8;2311.8;280;
9b4d5059-51d3-4154-b0b9-038254cd37fc;2024-06-10T14:02:00Z;2312.6;2312;2312.8;2312;111;
9b4d5059-51d3-4154-b0b9-038254cd37fc;2024-06-10T14:03:00Z;2312;2311.4;2312;2310.8;307;
9b4d5059-51d3-4154-b0b9-038254cd37fc;2024-06-10T14:04:00Z;2311.4;2311.1;2311.4;2310.7;323;
9b4d5059-51d3-4154-b0b9-038254cd37fc;2024-06-10T14:05:00Z;2311.2;2310.4;2311.2;2310.4;219;
9b4d5059-51d3-4154-b0b9-038254cd37fc;2024-06-10T14:06:00Z;2310.2;2311.3;2311.3;2310.1;195;
9b4d5059-51d3-4154-b0b9-038254cd37fc;2024-06-10T14:07:00Z;2311.3;2312;2312;2311.3;1132;
9b4d5059-51d3-4154-b0b9-038254cd37fc;2024-06-10T14:08:00Z;2312;2311.6;2312;2311.2;74;
9b4d5059-51d3-4154-b0b9-038254cd37fc;2024-06-10T14:09:00Z;2311.6;2311.4;2311.9;2311;120;
9b4d5059-51d3-4154-b0b9-038254cd37fc;2024-06-10T14:10:00Z;2311.6;2310.9;2311.6;2310.5;65;
9b4d5059-51d3-4154-b0b9-038254cd37fc;2024-06-10T14:11:00Z;2310.9;2310.6;2311;2310.6;619;
9b4d5059-51d3-4154-b0b9-038254cd37fc;2024-06-10T14:12:00Z;2310.5;2310.3;2310.7;2309.9;137;
9b4d5059-51d3-4154-b0b9-038254cd37fc;2024-06-10T14:13:00Z;2310.4;2311.4;2311.4;2310.3;172;
9b4d5059-51d3-4154-b0b9-038254cd37fc;2024-06-10T14:14:00Z;2311.1;2311.5;2311.5;2310.8;84;
9b4d5059-51d3-4154-b0b9-038254cd37fc;2024-06-10T14:15:00Z;2311.6;2313;2313.1;2311.6;167;
9b4d5059-51d3-4154-b0b9-038254cd37fc;2024-06-10T14:16:00Z;2313.1;2311.8;2313.1;2311.8;93;
9b4d5059-51d3-4154-b0b9-038254cd37fc;2024-06-10T14:17:00Z;2311.9;2313.4;2313.4;2311.9;118;
9b4d5059-51d3-4154-b0b9-038254cd37fc;2024-06-10T14:18:00Z;2313.4;2313.4;2314.2;2313.4;288;
9b4d5059-51d3-4154-b0b9-038254cd37fc;2024-06-10T14:19:00Z;2313.3;2313;2313.3;2312.8;152;
9b4d5059-51d3-4154-b0b9-038254cd37fc;2024-06-10T14:20:00Z;2312.9;2311.5;2312.9;2311.4;68;
9b4d5059-51d3-4154-b0b9-038254cd37fc;2024-06-10T14:21:00Z;2311.4;2311.6;2311.9;2311.4;37;
9b4d5059-51d3-4154-b0b9-038254cd37fc;2024-06-10T14:22:00Z;2311.7;2312.4;2312.4;2311.4;65;
9b4d5059-51d3-4154-b0b9-038254cd37fc;2024-06-10T14:23:00Z;2312.5;2312.3;2312.5;2312.1;55;
9b4d5059-51d3-4154-b0b9-038254cd37fc;2024-06-10T14:24:00Z;2312.2;2313;2313;2312.2;235;
9b4d5059-51d3-4154-b0b9-038254cd37fc;2024-06-10T14:25:00Z;2313;2311.5;2313;2311.5;94;
9b4d5059-51d3-4154-b0b9-038254cd37fc;2024-06-10T14:26:00Z;2312;2312;2312;2311.9;15;
9b4d5059-51d3-4154-b0b9-038254cd37fc;2024-06-10T14:27:00Z;2312;2311.8;2312;2311.8;30;
9b4d5059-51d3-4154-b0b9-038254cd37fc;2024-06-10T14:28:00Z;2311.8;2311.6;2312;2311.6;35;
9b4d5059-51d3-4154-b0b9-038254cd37fc;2024-06-10T14:29:00Z;2311.6;2311.8;2311.9;2311.6;74;
9b4d5059-51d3-4154-b0b9-038254cd37fc;2024-06-10T14:30:00Z;2311.9;2311.1;2312;2311;323;
9b4d5059-51d3-4154-b0b9-038254cd37fc;2024-06-10T14:31:00Z;2311.1;2310.2;2311.1;2310.1;775;
9b4d5059-51d3-4154-b0b9-038254cd37fc;2024-06-10T14:32:00Z;2310.1;2310.3;2310.6;2309.9;930;
9b4d5059-51d3-4154-b0b9-038254cd37fc;2024-06-10T14:33:00Z;2310.3;2310.2;2310.9;2309.8;909;
9b4d5059-51d3-4154-b0b9-038254cd37fc;2024-06-10T14:34:00Z;2310.2;2311.1;2311.2;2310;373;
9b4d5059-51d3-4154-b0b9-038254cd37fc;2024-06-10T14:35:00Z;2311.4;2311.6;2311.8;2311.4;48;
9b4d5059-51d3-4154-b0b9-038254cd37fc;2024-06-10T14:36:00Z;2311.5;2312;2312;2311.3;213;
9b4d5059-51d3-4154-b0b9-038254cd37fc;2024-06-10T14:37:00Z;2311.9;2312.6;2312.6;2311.9;380;
9b4d5059-51d3-4154-b0b9-038254cd37fc;2024-06-10T14:38:00Z;2312.4;2312.8;2312.8;2312.2;314;
9b4d5059-51d3-4154-b0b9-038254cd37fc;2024-06-10T14:39:00Z;2312.8;2312.5;2313;2312.3;242;
9b4d5059-51d3-4154-b0b9-038254cd37fc;2024-06-10T14:40:00Z;2312.6;2312.9;2313;2312.5;107;
9b4d5059-51d3-4154-b0b9-038254cd37fc;2024-06-10T14:41:00Z;2312.9;2314;2314.1;2312.9;783;
9b4d5059-51d3-4154-b0b9-038254cd37fc;2024-06-10T14:42:00Z;2313.6;2314;2314;2313.5;130;
9b4d5059-51d3-4154-b0b9-038254cd37fc;2024-06-10T14:43:00Z;2313.8;2313.6;2314.1;2313.6;206;
9b4d5059-51d3-4154-b0b9-038254cd37fc;2024-06-10T14:44:00Z;2313.5;2314.1;2314.2;2313.5;180;
9b4d5059-51d3-4154-b0b9-038254cd37fc;2024-06-10T14:45:00Z;2314.1;2314.5;2314.5;2313.4;1096;
9b4d5059-51d3-4154-b0b9-038254cd37fc;2024-06-10T14:46:00Z;2314.5;2314.1;2314.8;2314.1;171;
9b4d5059-51d3-4154-b0b9-038254cd37fc;2024-06-10T14:47:00Z;2314.1;2313.9;2314.1;2313.6;24;
9b4d5059-51d3-4154-b0b9-038254cd37fc;2024-06-10T14:48:00Z;2314;2313.1;2314;2313.1;456;
9b4d5059-51d3-4154-b0b9-038254cd37fc;2024-06-10T14:49:00Z;2313.1;2312.3;2313.2;2312.3;734;
9b4d5059-51d3-4154-b0b9-038254cd37fc;2024-06-10T14:50:00Z;2312.2;2312.5;2312.5;2311.5;2194;
9b4d5059-51d3-4154-b0b9-038254cd37fc;2024-06-10T14:51:00Z;2312.5;2312;2312.5;2312;824;
9b4d5059-51d3-4154-b0b9-038254cd37fc;2024-06-10T14:52:00Z;2312;2312;2312.5;2311.9;539;
9b4d5059-51d3-4154-b0b9-038254cd37fc;2024-06-10T14:53:00Z;2312;2312;2312.5;2312;412;
9b4d5059-51d3-4154-b0b9-038254cd37fc;2024-06-10T14:54:00Z;2312.5;2312;2312.7;2312;558;
9b4d5059-51d3-4154-b0b9-038254cd37fc;2024-06-10T14:55:00Z;2312;2313.1;2313.3;2312;977;
9b4d5059-51d3-4154-b0b9-038254cd37fc;2024-06-10T14:56:00Z;2313.2;2313.1;2313.3;2313.1;455;
9b4d5059-51d3-4154-b0b9-038254cd37fc;2024-06-10T14:57:00Z;2313.1;2312;2313.2;2312;637;
9b4d5059-51d3-4154-b0b9-038254cd37fc;2024-06-10T14:58:00Z;2312.1;2312;2312.1;2312;17;
9b4d5059-51d3-4154-b0b9-038254cd37fc;2024-06-10T14:59:00Z;2312;2312;2312;2311.9;163;
9b4d5059-51d3-4154-b0b9-038254cd37fc;2024-06-10T15:00:00Z;2312.1;2312.1;2312.6;2312.1;156;
9b4d5059-51d3-4154-b0b9-038254cd37fc;2024-06-10T15:01:00Z;2312.1;2310.9;2312.1;2310.9;1419;
9b4d5059-51d3-4154-b0b9-038254cd37fc;2024-06-10T15:02:00Z;2310.9;2310.7;2311;2310.6;268;
9b4d5059-51d3-4154-b0b9-038254cd37fc;2024-06-10T15:03:00Z;2310.7;2310.6;2310.9;2310.6;375;
9b4d5059-51d3-4154-b0b9-038254cd37fc;2024-06-10T15:04:00Z;2310.8;2311.2;2311.2;2310.5;212;
9b4d5059-51d3-4154-b0b9-038254cd37fc;2024-06-10T15:05:00Z;2311.2;2311.9;2312;2310.9;80;
9b4d5059-51d3-4154-b0b9-038254cd37fc;2024-06-10T15:06:00Z;2312;2312.3;2312.5;2312;423;
9b4d5059-51d3-4154-b0b9-038254cd37fc;2024-06-10T15:07:00Z;2312.3;2311.9;2312.3;2311.8;77;
9b4d5059-51d3-4154-b0b9-038254cd37fc;2024-06-10T15:08:00Z;2311.8;2312;2312.2;2311.8;106;
9b4d5059-51d3-4154-b0b9-038254cd37fc;2024-06-10T15:09:00Z;2312.2;2312.1;2312.6;2312.1;26;
9b4d5059-51d3-4154-b0b9-038254cd37fc;2024-06-10T15:10:00Z;2312.6;2312.8;2312.8;2312.5;130;
9b4d5059-51d3-4154-b0b9-038254cd37fc;2024-06-10T15:11:00Z;2312.9;2313.5;2313.5;2312.9;103;
9b4d5059-51d3-4154-b0b9-038254cd37fc;2024-06-10T15:12:00Z;2313.5;2313.5;2313.8;2313.4;497;
9b4d5059-51d3-4154-b0b9-038254cd37fc;2024-06-10T15:13:00Z;2313.6;2313.6;2313.9;2313.6;47;
9b4d5059-51d3-4154-b0b9-038254cd37fc;2024-06-10T15:14:00Z;2313.5;2313.7;2313.9;2313.4;411;
9b4d5059-51d3-4154-b0b9-038254cd37fc;2024-06-10T15:15:00Z;2313.8;2313.9;2313.9;2313.3;95;
9b4d5059-51d3-4154-b0b9-038254cd37fc;2024-06-10T15:16:00Z;2313.9;2314.8;2314.9;2313.9;175;
9b4d5059-51d3-4154-b0b9-038254cd37fc;2024-06-10T15:17:00Z;2314.9;2314.8;2315.1;2314.4;533;
9b4d5059-51d3-4154-b0b9-038254cd37fc;2024-06-10T15:18:00Z;2314.7;2314.8;2314.9;2314.7;48;
9b4d5059-51d3-4154-b0b9-038254cd37fc;2024-06-10T15:19:00Z;2314.8;2314.4;2314.8;2314;255;
9b4d5059-51d3-4154-b0b9-038254cd37fc;2024-06-10T15:20:00Z;2314.3;2314.3;2314.6;2314;54;
9b4d5059-51d3-4154-b0b9-038254cd37fc;2024-06-10T15:21:00Z;2314.2;2314.1;2314.4;2314;147;
9b4d5059-51d3-4154-b0b9-038254cd37fc;2024-06-10T15:22:00Z;2313.9;2313.7;2314.1;2313.7;53;
9b4d5059-51d3-4154-b0b9-038254cd37fc;2024-06-10T15:23:00Z;2313.7;2314.8;2314.8;2313.3;115;
9b4d5059-51d3-4154-b0b9-038254cd37fc;2024-06-10T15:24:00Z;2314.7;2314.4;2314.8;2314.2;175;
9b4d5059-51d3-4154-b0b9-038254cd37fc;2024-06-10T15:25:00Z;2314.5;2314.1;2314.5;2314.1;47;
9b4d5059-51d3-4154-b0b9-038254cd37fc;2024-06-10T15:26:00Z;2314.1;2314;2314.3;2314;126;
9b4d5059-51d3-4154-b0b9-038254cd37fc;2024-06-10T15:27:00Z;2314;2314.6;2314.6;2313.9;38;
9b4d5059-51d3-4154-b0b9-038254cd37fc;2024-06-10T15:28:00Z;2314.5;2313.8;2314.5;2313.8;22;
9b4d5059-51d3-4154-b0b9-038254cd37fc;2024-06-10T15:29:00Z;2313.8;2313.2;2313.8;2313.1;42;
9b4d5059-51d3-4154-b0b9-038254cd37fc;2024-06-10T15:30:00Z;2313.2;2313.3;2313.3;2312.8;372;
9b4d5059-51d3-4154-b0b9-038254cd37fc;2024-06-10T15:31:00Z;2313.4;2313.6;2313.6;2313.3;243;
9b4d5059-51d3-4154-b0b9-038254cd37fc;2024-06-10T15:32:00Z;2313.5;2313.2;2313.7;2313.2;77;
9b4d5059-51d3-4154-b0b9-038254cd37fc;2024-06-10T15:33:00Z;2313.2;2312.9;2313.2;2312.8;22;
9b4d5059-51d3-4154-b0b9-038254cd37fc;2024-06-10T15:34:00Z;2312.9;2313.5;2313.5;2312.9;42;
9b4d5059-51d3-4154-b0b9-038254cd37fc;2024-06-10T15:35:00Z;2313.5;2313.9;2313.9;2313.3;101;
9b4d5059-51d3-4154-b0b9-038254cd37fc;2024-06-10T15:36:00Z;2313.8;2313.1;2313.9;2313.1;65;
9b4d5059-51d3-4154-b0b9-038254cd37fc;2024-06-10T15:37:00Z;2313.3;2313.5;2313.7;2313.3;38;
9b4d5059-51d3-4154-b0b9-038254cd37fc;2024-06-10T15:38:00Z;2313.4;2314.5;2314.5;2313.2;74;
9b4d5059-51d3-4154-b0b9-038254cd37fc;2024-06-10T15:39:00Z;2314.5;2314.8;2314.8;2314;183;
9b4d5059-51d3-4154-b0b9-038254cd37fc;2024-06-10T15:40:00Z;2314.7;2314.6;2314.7;2314.5;48;
9b4d5059-51d3-4154-b0b9-038254cd37fc;2024-06-10T15:41:00Z;2314.6;2315.6;2315.8;2314.6;427;
9b4d5059-51d3-4154-b0b9-038254cd37fc;2024-06-10T15:42:00Z;2315.6;2315.6;2315.7;2315.5;96;
9b4d5059-51d3-4154-b0b9-038254cd37fc;2024-06-10T15:43:00Z;2315.7;2317.2;2317.2;2315.7;610;
9b4d5059-51d3-4154-b0b9-038254cd37fc;2024-06-10T15:44:00Z;2317;2317.7;2317.7;2316.6;242;
9b4d5059-51d3-4154-b0b9-038254cd37fc;2024-06-10T15:45:00Z;2317.7;2316.5;2317.9;2316.5;466;
9b4d5059-51d3-4154-b0b9-038254cd37fc;2024-06-10T15:46:00Z;2316.7;2316.4;2317.1;2316.1;174;
9b4d5059-51d3-4154-b0b9-038254cd37fc;2024-06-10T15:47:00Z;2316.7;2316.1;2316.7;2315.9;112;
9b4d5059-51d3-4154-b0b9-038254cd37fc;2024-06-10T15:48:00Z;2316.1;2316.2;2316.2;2315.9;47;
9b4d5059-51d3-4154-b0b9-038254cd37fc;2024-06-10T15:49:00Z;2316.1;2315.4;2316.1;2315.2;149;
9b4d5059-51d3-4154-b0b9-038254cd37fc;2024-06-10T16:05:00Z;2316;2317.7;2318.9;2316;600;
9b4d5059-51d3-4154-b0b9-038254cd37fc;2024-06-10T16:06:00Z;2317.9;2318;2318.2;2317.6;171;
9b4d5059-51d3-4154-b0b9-038254cd37fc;2024-06-10T16:07:00Z;2318.3;2319;2319.3;2318;1137;
9b4d5059-51d3-4154-b0b9-038254cd37fc;2024-06-10T16:08:00Z;2319;2319.5;2320;2318.8;715;
9b4d5059-51d3-4154-b0b9-038254cd37fc;2024-06-10T16:09:00Z;2319.4;2318;2319.5;2317.7;363;
9b4d5059-51d3-4154-b0b9-038254cd37fc;2024-06-10T16:10:00Z;2318;2318.2;2318.2;2317.9;126;
9b4d5059-51d3-4154-b0b9-038254cd37fc;2024-06-10T16:11:00Z;2318.1;2317.9;2318.4;2317.6;395;
9b4d5059-51d3-4154-b0b9-038254cd37fc;2024-06-10T16:12:00Z;2317.8;2317.6;2317.8;2317.5;77;
9b4d5059-51d3-4154-b0b9-038254cd37fc;2024-06-10T16:13:00Z;2317.6;2318;2318.1;2317.6;28;
9b4d5059-51d3-4154-b0b9-038254cd37fc;2024-06-10T16:14:00Z;2318.2;2319.2;2319.3;2318.1;87;
9b4d5059-51d3-4154-b0b9-038254cd37fc;2024-06-10T16:15:00Z;2319.3;2319.3;2320;2319;488;
9b4d5059-51d3-4154-b0b9-038254cd37fc;2024-06-10T16:16:00Z;2319.4;2319.1;2319.4;2318.7;404;
9b4d5059-51d3-4154-b0b9-038254cd37fc;2024-06-10T16:17:00Z;2319;2318.7;2319.1;2318.5;276;
9b4d5059-51d3-4154-b0b9-038254cd37fc;2024-06-10T16:18:00Z;2318.6;2319.1;2319.1;2318.5;96;
9b4d5059-51d3-4154-b0b9-038254cd37fc;2024-06-10T16:19:00Z;2319.1;2318.8;2319.1;2318.8;107;
9b4d5059-51d3-4154-b0b9-038254cd37fc;2024-06-10T16:20:00Z;2318.7;2319.1;2319.1;2318.7;102;
9b4d5059-51d3-4154-b0b9-038254cd37fc;2024-06-10T16:21:00Z;2318.8;2319.5;2319.5;2318.8;87;
9b4d5059-51d3-4154-b0b9-038254cd37fc;2024-06-10T16:22:00Z;2319.5;2319.5;2319.7;2319.4;113;
9b4d5059-51d3-4154-b0b9-038254cd37fc;2024-06-10T16:23:00Z;2319.5;2320;2320.2;2319.5;297;
9b4d5059-51d3-4154-b0b9-038254cd37fc;2024-06-10T16:24:00Z;2320.1;2320.1;2320.5;2319.9;513;
9b4d5059-51d3-4154-b0b9-038254cd37fc;2024-06-10T16:25:00Z;2320;2320.3;2320.3;2319.9;518;
9b4d5059-51d3-4154-b0b9-038254cd37fc;2024-06-10T16:26:00Z;2320.4;2321.3;2321.3;2320.3;377;
9b4d5059-51d3-4154-b0b9-038254cd37fc;2024-06-10T16:27:00Z;2321.3;2321.5;2321.6;2321.2;259;
9b4d5059-51d3-4154-b0b9-038254cd37fc;2024-06-10T16:28:00Z;2321.4;2322.3;2322.4;2321.3;1169;
9b4d5059-51d3-4154-b0b9-038254cd37fc;2024-06-10T16:29:00Z;2322.3;2322.4;2322.5;2322.3;816;
9b4d5059-51d3-4154-b0b9-038254cd37fc;2024-06-10T16:30:00Z;2322.4;2322;2322.5;2321.6;1523;
9b4d5059-51d3-4154-b0b9-038254cd37fc;2024-06-10T16:31:00Z;2322;2321.6;2322;2321.6;286;
9b4d5059-51d3-4154-b0b9-038254cd37fc;2024-06-10T16:32:00Z;2321.6;2321.6;2321.7;2321.4;220;
9b4d5059-51d3-4154-b0b9-038254cd37fc;2024-06-10T16:33:00Z;2321.5;2321.5;2321.7;2321.5;730;
9b4d5059-51d3-4154-b0b9-038254cd37fc;2024-06-10T16:34:00Z;2321.5;2322.7;2322.8;2321.4;786;
9b4d5059-51d3-4154-b0b9-038254cd37fc;2024-06-10T16:35:00Z;2322.7;2322.4;2323.6;2322.3;803;
9b4d5059-51d3-4154-b0b9-038254cd37fc;2024-06-10T16:36:00Z;2322.4;2322.1;2322.4;2322;236;
9b4d5059-51d3-4154-b0b9-038254cd37fc;2024-06-10T16:37:00Z;2322;2321.6;2322.1;2321.6;218;
9b4d5059-51d3-4154-b0b9-038254cd37fc;2024-06-10T16:38:00Z;2321.7;2321.5;2321.8;2321.5;101;
9b4d5059-51d3-4154-b0b9-038254cd37fc;2024-06-10T16:39:00Z;2321.4;2320.5;2321.4;2320.5;176;
9b4d5059-51d3-4154-b0b9-038254cd37fc;2024-06-10T16:40:00Z;2320.5;2321.3;2321.3;2320.5;254;
9b4d5059-51d3-4154-b0b9-038254cd37fc;2024-06-10T16:41:00Z;2321.2;2320.9;2321.3;2320.8;230;
9b4d5059-51d3-4154-b0b9-038254cd37fc;2024-06-10T16:42:00Z;2320.8;2320.7;2320.9;2320.4;184;
9b4d5059-51d3-4154-b0b9-038254cd37fc;2024-06-10T16:43:00Z;2320.7;2321.1;2321.1;2320.7;166;
9b4d5059-51d3-4154-b0b9-038254cd37fc;2024-06-10T16:44:00Z;2321.2;2321.1;2321.2;2321;96;
9b4d5059-51d3-4154-b0b9-038254cd37fc;2024-06-10T16:45:00Z;2321;2320.9;2321;2320.9;40;
9b4d5059-51d3-4154-b0b9-038254cd37fc;2024-06-10T16:46:00Z;2321;2320.8;2321.1;2320.8;85;
9b4d5059-51d3-4154-b0b9-038254cd37fc;2024-06-10T16:47:00Z;2320.9;2321.6;2321.6;2320.8;134;
9b4d5059-51d3-4154-b0b9-038254cd37fc;2024-06-10T16:48:00Z;2321.5;2321.6;2321.6;2321.3;100;
9b4d5059-51d3-4154-b0b9-038254cd37fc;2024-06-10T16:49:00Z;2321.7;2321.6;2321.8;2321.4;80;
9b4d5059-51d3-4154-b0b9-038254cd37fc;2024-06-10T16:50:00Z;2321.7;2322.4;2322.4;2321.7;139;
9b4d5059-51d3-4154-b0b9-038254cd37fc;2024-06-10T16:51:00Z;2322.4;2322.6;2322.6;2322.3;202;
9b4d5059-51d3-4154-b0b9-038254cd37fc;2024-06-10T16:52:00Z;2322.5;2322.5;2322.8;2322.5;130;
9b4d5059-51d3-4154-b0b9-038254cd37fc;2024-06-10T16:53:00Z;2322.5;2323;2323.1;2322.5;167;
9b4d5059-51d3-4154-b0b9-038254cd37fc;2024-06-10T16:54:00Z;2323;2322.8;2323;2322.8;57;
9b4d5059-51d3-4154-b0b9-038254cd37fc;2024-06-10T16:55:00Z;2322.7;2323;2323.1;2322.7;111;
9b4d5059-51d3-4154-b0b9-038254cd37fc;2024-06-10T16:56:00Z;2323.1;2323.1;2323.4;2322.9;259;
9b4d5059-51d3-4154-b0b9-038254cd37fc;2024-06-10T16:57:00Z;2323.1;2322.8;2323.1;2322.8;98;
9b4d5059-51d3-4154-b0b9-038254cd37fc;2024-06-10T16:58:00Z;2322.6;2322.8;2322.8;2322.5;117;
9b4d5059-51d3-4154-b0b9-038254cd37fc;2024-06-10T16:59:00Z;2322.7;2322.8;2322.9;2322.5;110;
9b4d5059-51d3-4154-b0b9-038254cd37fc;2024-06-10T17:00:00Z;2322.7;2322.3;2322.7;2322.3;51;
9b4d5059-51d3-4154-b0b9-038254cd37fc;2024-06-10T17:01:00Z;2322.3;2322.1;2322.5;2322.1;89;
9b4d5059-51d3-4154-b0b9-038254cd37fc;2024-06-10T17:02:00Z;2322.1;2321.3;2322.1;2321.1;251;
9b4d5059-51d3-4154-b0b9-038254cd37fc;2024-06-10T17:03:00Z;2321.2;2321.1;2321.4;2320.8;106;
9b4d5059-51d3-4154-b0b9-038254cd37fc;2024-06-10T17:04:00Z;2321.1;2321.2;2321.4;2321;241;
9b4d5059-51d3-4154-b0b9-038254cd37fc;2024-06-10T17:05:00Z;2321.3;2321;2321.4;2321;80;
9b4d5059-51d3-4154-b0b9-038254cd37fc;2024-06-10T17:06:00Z;2321.2;2321.3;2321.4;2321.2;94;
9b4d5059-51d3-4154-b0b9-038254cd37fc;2024-06-10T17:07:00Z;2321.5;2321.7;2321.7;2321.5;86;
9b4d5059-51d3-4154-b0b9-038254cd37fc;2024-06-10T17:08:00Z;2321.6;2321.6;2321.7;2321.6;19;
9b4d5059-51d3-4154-b0b9-038254cd37fc;2024-06-10T17:09:00Z;2321.6;2321.9;2321.9;2321.5;50;
9b4d5059-51d3-4154-b0b9-038254cd37fc;2024-06-10T17:10:00Z;2321.5;2321.8;2321.9;2321.4;112;
9b4d5059-51d3-4154-b0b9-038254cd37fc;2024-06-10T17:11:00Z;2321.8;2321.8;2321.8;2321.7;36;
9b4d5059-51d3-4154-b0b9-038254cd37fc;2024-06-10T17:12:00Z;2321.8;2321.8;2322;2321.8;119;
9b4d5059-51d3-4154-b0b9-038254cd37fc;2024-06-10T17:13:00Z;2321.9;2322;2322;2321.8;57;
9b4d5059-51d3-4154-b0b9-038254cd37fc;2024-06-10T17:14:00Z;2322;2321.5;2322;2321.5;54;
9b4d5059-51d3-4154-b0b9-038254cd37fc;2024-06-10T17:15:00Z;2321.4;2321.1;2321.4;2321.1;18;
9b4d5059-51d3-4154-b0b9-038254cd37fc;2024-06-10T17:16:00Z;2320.9;2320.5;2320.9;2320.5;158;
9b4d5059-51d3-4154-b0b9-038254cd37fc;2024-06-10T17:17:00Z;2320.5;2320.6;2320.6;2320.4;296;
9b4d5059-51d3-4154-b0b9-038254cd37fc;2024-06-10T17:18:00Z;2320.4;2320.8;2320.9;2320.1;459;
9b4d5059-51d3-4154-b0b9-038254cd37fc;2024-06-10T17:19:00Z;2320.7;2320.7;2320.9;2320.7;72;
9b4d5059-51d3-4154-b0b9-038254cd37fc;2024-06-10T17:20:00Z;2320.6;2320.2;2320.8;2320;222;
9b4d5059-51d3-4154-b0b9-038254cd37fc;2024-06-10T17:21:00Z;2320.3;2320.4;2320.4;2320.2;58;
9b4d5059-51d3-4154-b0b9-038254cd37fc;2024-06-10T17:22:00Z;2320.4;2320;2320.5;2320;20;
9b4d5059-51d3-4154-b0b9-038254cd37fc;2024-06-10T17:23:00Z;2320;2320.1;2320.1;2319.8;176;
9b4d5059-51d3-4154-b0b9-038254cd37fc;2024-06-10T17:24:00Z;2320.1;2319.5;2320.1;2319.1;714;
9b4d5059-51d3-4154-b0b9-038254cd37fc;2024-06-10T17:25:00Z;2319.6;2319;2319.6;2319;215;
9b4d5059-51d3-4154-b0b9-038254cd37fc;2024-06-10T17:26:00Z;2318.9;2318.6;2319.1;2318.3;363;
9b4d5059-51d3-4154-b0b9-038254cd37fc;2024-06-10T17:27:00Z;2318.6;2318.5;2318.8;2318.4;114;
9b4d5059-51d3-4154-b0b9-038254cd37fc;2024-06-10T17:28:00Z;2318.5;2318.6;2318.7;2318.3;98;
9b4d5059-51d3-4154-b0b9-038254cd37fc;2024-06-10T17:29:00Z;2318.5;2318.3;2318.6;2318.3;58;
9b4d5059-51d3-4154-b0b9-038254cd37fc;2024-06-10T17:30:00Z;2318.4;2318.2;2318.5;2318.2;115;
9b4d5059-51d3-4154-b0b9-038254cd37fc;2024-06-10T17:31:00Z;2318.2;2318.9;2318.9;2318.2;203;
9b4d5059-51d3-4154-b0b9-038254cd37fc;2024-06-10T17:32:00Z;2319;2319.2;2319.2;2319;59;
9b4d5059-51d3-4154-b0b9-038254cd37fc;2024-06-10T17:33:00Z;2319.2;2319.8;2319.8;2319.2;322;
9b4d5059-51d3-4154-b0b9-038254cd37fc;2024-06-10T17:34:00Z;2319.8;2320.1;2320.1;2319.8;69;
9b4d5059-51d3-4154-b0b9-038254cd37fc;2024-06-10T17:35:00Z;2320.1;2319.7;2320.1;2319.6;82;
9b4d5059-51d3-4154-b0b9-038254cd37fc;2024-06-10T17:36:00Z;2319.6;2319.6;2319.6;2319.5;6;
9b4d5059-51d3-4154-b0b9-038254cd37fc;2024-06-10T17:37:00Z;2319.6;2320.2;2320.2;2319.6;51;
9b4d5059-51d3-4154-b0b9-038254cd37fc;2024-06-10T17:38:00Z;2320;2320;2320;2319.3;163;
9b4d5059-51d3-4154-b0b9-038254cd37fc;2024-06-10T17:39:00Z;2319.7;2320.2;2320.2;2319.7;68;
9b4d5059-51d3-4154-b0b9-038254cd37fc;2024-06-10T17:40:00Z;2320.1;2320.2;2320.3;2320.1;56;
9b4d5059-51d3-4154-b0b9-038254cd37fc;2024-06-10T17:41:00Z;2320.3;2320.8;2320.8;2320.2;156;
9b4d5059-51d3-4154-b0b9-038254cd37fc;2024-06-10T17:42:00Z;2320.6;2321;2321;2320.5;120;
9b4d5059-51d3-4154-b0b9-038254cd37fc;2024-06-10T17:43:00Z;2321;2320.9;2321.3;2320.9;136;
9b4d5059-51d3-4154-b0b9-038254cd37fc;2024-06-10T17:44:00Z;2321;2320.6;2321;2320.6;32;
9b4d5059-51d3-4154-b0b9-038254cd37fc;2024-06-10T17:45:00Z;2320.7;2320.8;2321.1;2320.6;69;
9b4d5059-51d3-4154-b0b9-038254cd37fc;2024-06-10T17:46:00Z;2321;2320.8;2321;2320.7;44;
9b4d5059-51d3-4154-b0b9-038254cd37fc;2024-06-10T17:47:00Z;2320.7;2320.8;2321.3;2320.7;317;
9b4d5059-51d3-4154-b0b9-038254cd37fc;2024-06-10T17:48:00Z;2321;2321.3;2321.3;2320.9;59;
9b4d5059-51d3-4154-b0b9-038254cd37fc;2024-06-10T17:49:00Z;2321.3;2322;2322.1;2321.3;242;
9b4d5059-51d3-4154-b0b9-038254cd37fc;2024-06-10T17:50:00Z;2322.1;2322.1;2322.1;2321.8;249;
9b4d5059-51d3-4154-b0b9-038254cd37fc;2024-06-10T17:51:00Z;2322;2322;2322.1;2321.8;41;
9b4d5059-51d3-4154-b0b9-038254cd37fc;2024-06-10T17:52:00Z;2322.2;2322;2322.2;2321.9;262;
9b4d5059-51d3-4154-b0b9-038254cd37fc;2024-06-10T17:53:00Z;2322;2321.9;2322;2321.9;61;
9b4d5059-51d3-4154-b0b9-038254cd37fc;2024-06-10T17:54:00Z;2321.9;2321.3;2322;2321.3;125;
9b4d5059-51d3-4154-b0b9-038254cd37fc;2024-06-10T17:55:00Z;2321.3;2321.3;2321.4;2321.3;31;
9b4d5059-51d3-4154-b0b9-038254cd37fc;2024-06-10T17:56:00Z;2321.4;2321.4;2321.4;2321.3;5;
9b4d5059-51d3-4154-b0b9-038254cd37fc;2024-06-10T17:57:00Z;2321.4;2321.3;2321.4;2321.3;9;
9b4d5059-51d3-4154-b0b9-038254cd37fc;2024-06-10T17:58:00Z;2321.3;2320.9;2321.3;2320.9;124;
9b4d5059-51d3-4154-b0b9-038254cd37fc;2024-06-10T17:59:00Z;2320.8;2320.5;2320.9;2320.5;199;
9b4d5059-51d3-4154-b0b9-038254cd37fc;2024-06-10T18:00:00Z;2320.5;2320.3;2320.6;2320.3;96;
9b4d5059-51d3-4154-b0b9-038254cd37fc;2024-06-10T18:01:00Z;2320.3;2319.7;2320.3;2319.7;71;
9b4d5059-51d3-4154-b0b9-038254cd37fc;2024-06-10T18:02:00Z;2319.8;2319.4;2319.8;2319.2;358;
9b4d5059-51d3-4154-b0b9-038254cd37fc;2024-06-10T18:03:00Z;2319.4;2319.4;2319.5;2319.2;44;
9b4d5059-51d3-4154-b0b9-038254cd37fc;2024-06-10T18:04:00Z;2319.5;2319.4;2319.5;2319.3;24;
9b4d5059-51d3-4154-b0b9-038254cd37fc;2024-06-10T18:05:00Z;2319.4;2319.2;2319.4;2319.2;118;
9b4d5059-51d3-4154-b0b9-038254cd37fc;2024-06-10T18:06:00Z;2319.2;2318.6;2319.2;2318.6;33;
9b4d5059-51d3-4154-b0b9-038254cd37fc;2024-06-10T18:07:00Z;2318.6;2319;2319;2318.6;55;
9b4d5059-51d3-4154-b0b9-038254cd37fc;2024-06-10T18:08:00Z;2319;2320;2320;2319;191;
9b4d5059-51d3-4154-b0b9-038254cd37fc;2024-06-10T18:09:00Z;2320;2319.9;2320.3;2319.9;35;
9b4d5059-51d3-4154-b0b9-038254cd37fc;2024-06-10T18:10:00Z;2319.9;2319.6;2319.9;2319.4;43;
9b4d5059-51d3-4154-b0b9-038254cd37fc;2024-06-10T18:11:00Z;2319.6;2319.5;2319.7;2319.4;77;
9b4d5059-51d3-4154-b0b9-038254cd37fc;2024-06-10T18:12:00Z;2319.5;2319.3;2319.7;2319.3;85;
9b4d5059-51d3-4154-b0b9-038254cd37fc;2024-06-10T18:13:00Z;2319.4;2319.6;2319.6;2319.3;119;
9b4d5059-51d3-4154-b0b9-038254cd37fc;2024-06-10T18:14:00Z;2319.6;2319.6;2319.6;2319.6;12;
9b4d5059-51d3-4154-b0b9-038254cd37fc;2024-06-10T18:15:00Z;2319.5;2319.6;2319.6;2319.3;159;
9b4d5059-51d3-4154-b0b9-038254cd37fc;2024-06-10T18:16:00Z;2319.4;2319;2319.4;2319;111;
9b4d5059-51d3-4154-b0b9-038254cd37fc;2024-06-10T18:17:00Z;2319.1;2319.1;2319.1;2319.1;1;
9b4d5059-51d3-4154-b0b9-038254cd37fc;2024-06-10T18:18:00Z;2319.1;2319.2;2319.2;2319.1;8;
9b4d5059-51d3-4154-b0b9-038254cd37fc;2024-06-10T18:19:00Z;2319.2;2318.6;2319.2;2318.6;80;
9b4d5059-51d3-4154-b0b9-038254cd37fc;2024-06-10T18:20:00Z;2318.5;2318.5;2318.5;2318.3;186;
9b4d5059-51d3-4154-b0b9-038254cd37fc;2024-06-10T18:21:00Z;2318.6;2318.8;2318.9;2318.6;24;
9b4d5059-51d3-4154-b0b9-038254cd37fc;2024-06-10T18:22:00Z;2318.7;2318.8;2318.8;2318.6;32;
9b4d5059-51d3-4154-b0b9-038254cd37fc;2024-06-10T18:23:00Z;2319;2319.6;2319.6;2318.9;242;
9b4d5059-51d3-4154-b0b9-038254cd37fc;2024-06-10T18:24:00Z;2319.6;2319.5;2319.6;2319.5;32;
9b4d5059-51d3-4154-b0b9-038254cd37fc;2024-06-10T18:26:00Z;2319.4;2319.4;2319.4;2319.4;15;
9b4d5059-51d3-4154-b0b9-038254cd37fc;2024-06-10T18:27:00Z;2319.3;2319.2;2319.3;2319.1;121;
9b4d5059-51d3-4154-b0b9-038254cd37fc;2024-06-10T18:28:00Z;2319.2;2319.2;2319.2;2319.1;5;
9b4d5059-51d3-4154-b0b9-038254cd37fc;2024-06-10T18:29:00Z;2319.3;2319.1;2319.3;2319.1;5;
9b4d5059-51d3-4154-b0b9-038254cd37fc;2024-06-10T18:30:00Z;2319.4;2319.4;2319.4;2319.4;9;
9b4d5059-51d3-4154-b0b9-038254cd37fc;2024-06-10T18:31:00Z;2319.3;2319.5;2319.5;2319.3;16;
9b4d5059-51d3-4154-b0b9-038254cd37fc;2024-06-10T18:32:00Z;2319.3;2319.3;2319.3;2319.3;1;
9b4d5059-51d3-4154-b0b9-038254cd37fc;2024-06-10T18:33:00Z;2319.3;2319.1;2319.3;2319.1;27;
9b4d5059-51d3-4154-b0b9-038254cd37fc;2024-06-10T18:34:00Z;2319;2318.9;2319;2318.9;16;
9b4d5059-51d3-4154-b0b9-038254cd37fc;2024-06-10T18:35:00Z;2318.9;2319;2319.5;2318.9;58;
9b4d5059-51d3-4154-b0b9-038254cd37fc;2024-06-10T18:36:00Z;2319.1;2319.1;2319.2;2319.1;24;
9b4d5059-51d3-4154-b0b9-038254cd37fc;2024-06-10T18:37:00Z;2319.1;2319.2;2319.2;2319.1;13;
9b4d5059-51d3-4154-b0b9-038254cd37fc;2024-06-10T18:38:00Z;2319.5;2319.3;2319.5;2319.3;6;
9b4d5059-51d3-4154-b0b9-038254cd37fc;2024-06-10T18:39:00Z;2319.3;2319.3;2319.3;2319.3;23;
9b4d5059-51d3-4154-b0b9-038254cd37fc;2024-06-10T18:40:00Z;2319.3;2319.5;2319.5;2319.3;12;
9b4d5059-51d3-4154-b0b9-038254cd37fc;2024-06-10T18:41:00Z;2319.6;2319.5;2319.6;2319.5;16;
9b4d5059-51d3-4154-b0b9-038254cd37fc;2024-06-10T18:43:00Z;2319.6;2319.6;2319.6;2319.5;25;
9b4d5059-51d3-4154-b0b9-038254cd37fc;2024-06-10T18:44:00Z;2319.6;2319.7;2319.8;2319.6;99;
9b4d5059-51d3-4154-b0b9-038254cd37fc;2024-06-10T18:45:00Z;2319.7;2319.9;2319.9;2319.7;28;
9b4d5059-51d3-4154-b0b9-038254cd37fc;2024-06-10T18:46:00Z;2320;2319.6;2320;2319.6;63;
9b4d5059-51d3-4154-b0b9-038254cd37fc;2024-06-10T18:47:00Z;2319.6;2319.2;2319.6;2319.2;50;
9b4d5059-51d3-4154-b0b9-038254cd37fc;2024-06-10T18:48:00Z;2319.2;2318.9;2319.3;2318.9;89;
9b4d5059-51d3-4154-b0b9-038254cd37fc;2024-06-10T18:49:00Z;2318.9;2318.6;2318.9;2318.6;88;
9b4d5059-51d3-4154-b0b9-038254cd37fc;2024-06-10T18:50:00Z;2318.6;2318.6;2318.6;2318.2;201;
9b4d5059-51d3-4154-b0b9-038254cd37fc;2024-06-10T18:51:00Z;2318.6;2318.6;2318.6;2318.6;3;
9b4d5059-51d3-4154-b0b9-038254cd37fc;2024-06-10T18:52:00Z;2318.7;2318.8;2318.8;2318.7;2;
9b4d5059-51d3-4154-b0b9-038254cd37fc;2024-06-10T18:53:00Z;2318.5;2318;2318.5;2317.9;323;
9b4d5059-51d3-4154-b0b9-038254cd37fc;2024-06-10T18:54:00Z;2318.2;2318.5;2318.5;2318.2;61;
9b4d5059-51d3-4154-b0b9-038254cd37fc;2024-06-10T18:55:00Z;2318.5;2318.5;2318.5;2318.4;12;
9b4d5059-51d3-4154-b0b9-038254cd37fc;2024-06-10T18:56:00Z;2318.5;2318.5;2318.6;2318.5;20;
9b4d5059-51d3-4154-b0b9-038254cd37fc;2024-06-10T18:57:00Z;2318.8;2318.6;2318.8;2318.5;13;
9b4d5059-51d3-4154-b0b9-038254cd37fc;2024-06-10T18:58:00Z;2318.6;2318.8;2318.8;2318.6;11;
9b4d5059-51d3-4154-b0b9-038254cd37fc;2024-06-10T18:59:00Z;2318.5;2318.9;2319;2318.5;114;
9b4d5059-51d3-4154-b0b9-038254cd37fc;2024-06-10T19:00:00Z;2319;2319.4;2319.4;2319;38;
9b4d5059-51d3-4154-b0b9-038254cd37fc;2024-06-10T19:01:00Z;2319.3;2319.6;2319.6;2319.1;42;
9b4d5059-51d3-4154-b0b9-038254cd37fc;2024-06-10T19:02:00Z;2319.6;2319.9;2319.9;2319.6;151;
9b4d5059-51d3-4154-b0b9-038254cd37fc;2024-06-10T19:03:00Z;2319.9;2320;2320;2319.9;47;
9b4d5059-51d3-4154-b0b9-038254cd37fc;2024-06-10T19:04:00Z;2319.9;2320;2320.1;2319.9;95;
9b4d5059-51d3-4154-b0b9-038254cd37fc;2024-06-10T19:05:00Z;2319.9;2320.5;2320.5;2319.9;241;
9b4d5059-51d3-4154-b0b9-038254cd37fc;2024-06-10T19:06:00Z;2320.3;2320.4;2320.4;2320.3;35;
9b4d5059-51d3-4154-b0b9-038254cd37fc;2024-06-10T19:07:00Z;2320.6;2320.8;2320.8;2320.6;103;
9b4d5059-51d3-4154-b0b9-038254cd37fc;2024-06-10T19:08:00Z;2320.8;2320.8;2320.8;2320.8;1;
9b4d5059-51d3-4154-b0b9-038254cd37fc;2024-06-10T19:09:00Z;2320.8;2320.4;2320.8;2320.4;82;
9b4d5059-51d3-4154-b0b9-038254cd37fc;2024-06-10T19:10:00Z;2320.3;2320.3;2320.3;2320.3;8;
9b4d5059-51d3-4154-b0b9-038254cd37fc;2024-06-10T19:11:00Z;2320.3;2320.5;2320.5;2320.3;16;
9b4d5059-51d3-4154-b0b9-038254cd37fc;2024-06-10T19:12:00Z;2320.6;2320.5;2320.7;2320.5;18;
9b4d5059-51d3-4154-b0b9-038254cd37fc;2024-06-10T19:13:00Z;2320.5;2320.2;2320.5;2320.2;30;
9b4d5059-51d3-4154-b0b9-038254cd37fc;2024-06-10T19:14:00Z;2320.5;2320.4;2320.5;2320.4;8;
9b4d5059-51d3-4154-b0b9-038254cd37fc;2024-06-10T19:15:00Z;2320.3;2320.5;2320.5;2320.3;23;
9b4d5059-51d3-4154-b0b9-038254cd37fc;2024-06-10T19:16:00Z;2320.6;2320.5;2320.6;2320.5;4;
9b4d5059-51d3-4154-b0b9-038254cd37fc;2024-06-10T19:17:00Z;2320.3;2320.2;2320.3;2320.1;11;
9b4d5059-51d3-4154-b0b9-038254cd37fc;2024-06-10T19:19:00Z;2320.4;2320.4;2320.4;2320.4;4;
9b4d5059-51d3-4154-b0b9-038254cd37fc;2024-06-10T19:20:00Z;2320.4;2320.5;2320.5;2320.4;51;
9b4d5059-51d3-4154-b0b9-038254cd37fc;2024-06-10T19:21:00Z;2320.5;2320.6;2320.6;2320.4;11;
9b4d5059-51d3-4154-b0b9-038254cd37fc;2024-06-10T19:22:00Z;2320.6;2320.5;2320.6;2320.5;35;
9b4d5059-51d3-4154-b0b9-038254cd37fc;2024-06-10T19:23:00Z;2320.5;2320.6;2320.6;2320.5;8;
9b4d5059-51d3-4154-b0b9-038254cd37fc;2024-06-10T19:25:00Z;2320.6;2320.8;2320.8;2320.6;65;
9b4d5059-51d3-4154-b0b9-038254cd37fc;2024-06-10T19:26:00Z;2320.8;2320.6;2320.8;2320.6;57;
9b4d5059-51d3-4154-b0b9-038254cd37fc;2024-06-10T19:27:00Z;2320.4;2319.8;2320.4;2319.8;96;
9b4d5059-51d3-4154-b0b9-038254cd37fc;2024-06-10T19:28:00Z;2319.9;2320.2;2320.2;2319.8;9;
9b4d5059-51d3-4154-b0b9-038254cd37fc;2024-06-10T19:29:00Z;2320.2;2320.1;2320.2;2320.1;41;
9b4d5059-51d3-4154-b0b9-038254cd37fc;2024-06-10T19:30:00Z;2319.8;2319.6;2319.8;2319.6;27;
9b4d5059-51d3-4154-b0b9-038254cd37fc;2024-06-10T19:31:00Z;2319.6;2319.5;2319.6;2319.5;4;
9b4d5059-51d3-4154-b0b9-038254cd37fc;2024-06-10T19:32:00Z;2319.5;2319.6;2319.7;2319.5;22;
9b4d5059-51d3-4154-b0b9-038254cd37fc;2024-06-10T19:33:00Z;2319.4;2319.5;2319.5;2319.4;4;
9b4d5059-51d3-4154-b0b9-038254cd37fc;2024-06-10T19:34:00Z;2319.5;2319.5;2319.5;2319.5;1;
9b4d5059-51d3-4154-b0b9-038254cd37fc;2024-06-10T19:35:00Z;2319.5;2319.5;2319.5;2319.5;10;
9b4d5059-51d3-4154-b0b9-038254cd37fc;2024-06-10T19:36:00Z;2319.4;2319.4;2319.4;2319.4;3;
9b4d5059-51d3-4154-b0b9-038254cd37fc;2024-06-10T19:37:00Z;2319.4;2319.6;2319.7;2319.4;145;
9b4d5059-51d3-4154-b0b9-038254cd37fc;2024-06-10T19:38:00Z;2319.5;2319.5;2319.5;2319.5;42;
9b4d5059-51d3-4154-b0b9-038254cd37fc;2024-06-10T19:39:00Z;2319.6;2319.4;2319.6;2319.4;59;
9b4d5059-51d3-4154-b0b9-038254cd37fc;2024-06-10T19:40:00Z;2319.3;2319.3;2319.3;2319.3;4;
9b4d5059-51d3-4154-b0b9-038254cd37fc;2024-06-10T19:41:00Z;2319.3;2319.5;2319.5;2319.3;5;
9b4d5059-51d3-4154-b0b9-038254cd37fc;2024-06-10T19:42:00Z;2319.3;2319.3;2319.4;2319.3;38;
9b4d5059-51d3-4154-b0b9-038254cd37fc;2024-06-10T19:43:00Z;2319.3;2319.3;2319.3;2319.2;10;
9b4d5059-51d3-4154-b0b9-038254cd37fc;2024-06-10T19:44:00Z;2319.3;2319.3;2319.4;2319.2;27;
9b4d5059-51d3-4154-b0b9-038254cd37fc;2024-06-10T19:45:00Z;2319.5;2320.2;2320.2;2319.5;172;
9b4d5059-51d3-4154-b0b9-038254cd37fc;2024-06-10T19:46:00Z;2320.2;2319.7;2320.2;2319.7;34;
9b4d5059-51d3-4154-b0b9-038254cd37fc;2024-06-10T19:47:00Z;2319.5;2319.5;2319.5;2319.5;21;
9b4d5059-51d3-4154-b0b9-038254cd37fc;2024-06-10T19:48:00Z;2319.5;2319.7;2319.7;2319.5;5;
9b4d5059-51d3-4154-b0b9-038254cd37fc;2024-06-10T19:49:00Z;2319.6;2319.7;2319.7;2319.6;10;
9b4d5059-51d3-4154-b0b9-038254cd37fc;2024-06-10T19:50:00Z;2319.5;2319.5;2319.5;2319.5;5;
9b4d5059-51d3-4154-b0b9-038254cd37fc;2024-06-10T19:52:00Z;2319.5;2318.9;2319.5;2318.3;159;
9b4d5059-51d3-4154-b0b9-038254cd37fc;2024-06-10T19:53:00Z;2318.5;2318.6;2318.6;2318.4;66;
9b4d5059-51d3-4154-b0b9-038254cd37fc;2024-06-10T19:54:00Z;2318.5;2318.3;2318.5;2318.3;31;
9b4d5059-51d3-4154-b0b9-038254cd37fc;2024-06-10T19:55:00Z;2318.2;2318.3;2318.3;2318.2;6;
9b4d5059-51d3-4154-b0b9-038254cd37fc;2024-06-10T19:56:00Z;2318.3;2318.4;2318.5;2317.8;93;
9b4d5059-51d3-4154-b0b9-038254cd37fc;2024-06-10T19:57:00Z;2318;2317.6;2318;2317.5;128;
9b4d5059-51d3-4154-b0b9-038254cd37fc;2024-06-10T19:58:00Z;2317.6;2317.4;2317.7;2317.3;285;
9b4d5059-51d3-4154-b0b9-038254cd37fc;2024-06-10T19:59:00Z;2317.4;2317.5;2317.6;2317.4;121;
9b4d5059-51d3-4154-b0b9-038254cd37fc;2024-06-10T20:00:00Z;2317.5;2317.5;2317.6;2317.5;24;
9b4d5059-51d3-4154-b0b9-038254cd37fc;2024-06-10T20:01:00Z;2317.5;2317.6;2317.7;2317.4;88;
9b4d5059-51d3-4154-b0b9-038254cd37fc;2024-06-10T20:02:00Z;2317.7;2317.6;2317.8;2317.5;64;
9b4d5059-51d3-4154-b0b9-038254cd37fc;2024-06-10T20:03:00Z;2317.6;2317.7;2317.7;2317.6;14;
9b4d5059-51d3-4154-b0b9-038254cd37fc;2024-06-10T20:04:00Z;2317.8;2317.7;2317.8;2317.6;50;
9b4d5059-51d3-4154-b0b9-038254cd37fc;2024-06-10T20:05:00Z;2317.7;2317.5;2317.7;2317.5;28;
9b4d5059-51d3-4154-b0b9-038254cd37fc;2024-06-10T20:06:00Z;2317.6;2317.6;2317.7;2317.6;51;
9b4d5059-51d3-4154-b0b9-038254cd37fc;2024-06-10T20:07:00Z;2317.7;2317.6;2317.8;2317.6;11;
9b4d5059-51d3-4154-b0b9-038254cd37fc;2024-06-10T20:08:00Z;2317.7;2317.7;2317.7;2317.7;21;
9b4d5059-51d3-4154-b0b9-038254cd37fc;2024-06-10T20:09:00Z;2317.7;2317.7;2317.7;2317.6;21;
9b4d5059-51d3-4154-b0b9-038254cd37fc;2024-06-10T20:10:00Z;2317.7;2317.6;2317.7;2317.6;15;
9b4d5059-51d3-4154-b0b9-038254cd37fc;2024-06-10T20:11:00Z;2317.6;2317.8;2317.9;2317.6;112;
9b4d5059-51d3-4154-b0b9-038254cd37fc;2024-06-10T20:12:00Z;2317.9;2318.1;2318.1;2317.9;67;
9b4d5059-51d3-4154-b0b9-038254cd37fc;2024-06-10T20:13:00Z;2318.2;2318.4;2318.5;2317.9;192;
9b4d5059-51d3-4154-b0b9-038254cd37fc;2024-06-10T20:14:00Z;2318.5;2318.3;2318.5;2318.1;16;
9b4d5059-51d3-4154-b0b9-038254cd37fc;2024-06-10T20:15:00Z;2318.2;2318.2;2318.2;2318.2;9;
9b4d5059-51d3-4154-b0b9-038254cd37fc;2024-06-10T20:16:00Z;2318.1;2318;2318.1;2318;3;
9b4d5059-51d3-4154-b0b9-038254cd37fc;2024-06-10T20:17:00Z;2318;2318;2318;2318;4;
9b4d5059-51d3-4154-b0b9-038254cd37fc;2024-06-10T20:18:00Z;2317.9;2317.8;2317.9;2317.7;55;
9b4d5059-51d3-4154-b0b9-038254cd37fc;2024-06-10T20:19:00Z;2317.8;2317.7;2317.8;2317.7;45;
9b4d5059-51d3-4154-b0b9-038254cd37fc;2024-06-10T20:20:00Z;2317.7;2317.7;2317.8;2317.7;3;
9b4d5059-51d3-4154-b0b9-038254cd37fc;2024-06-10T20:21:00Z;2317.8;2317.7;2317.8;2317.7;28;
9b4d5059-51d3-4154-b0b9-038254cd37fc;2024-06-10T20:22:00Z;2317.6;2318.7;2318.7;2317.6;160;
9b4d5059-51d3-4154-b0b9-038254cd37fc;2024-06-10T20:23:00Z;2318.5;2318.8;2318.8;2318.5;24;
9b4d5059-51d3-4154-b0b9-038254cd37fc;2024-06-10T20:24:00Z;2318.7;2318.7;2318.7;2318.6;36;
9b4d5059-51d3-4154-b0b9-038254cd37fc;2024-06-10T20:25:00Z;2318.7;2318.6;2318.8;2318.6;10;
9b4d5059-51d3-4154-b0b9-038254cd37fc;2024-06-10T20:26:00Z;2318.6;2318.5;2318.7;2318.5;45;
9b4d5059-51d3-4154-b0b9-038254cd37fc;2024-06-10T20:27:00Z;2318.7;2318.5;2318.7;2318.5;66;
9b4d5059-51d3-4154-b0b9-038254cd37fc;2024-06-10T20:29:00Z;2318.5;2318.7;2318.7;2318.5;39;
9b4d5059-51d3-4154-b0b9-038254cd37fc;2024-06-10T20:30:00Z;2318.6;2318.6;2318.6;2318.6;3;
9b4d5059-51d3-4154-b0b9-038254cd37fc;2024-06-10T20:31:00Z;2318.6;2318.6;2318.6;2318.6;12;
9b4d5059-51d3-4154-b0b9-038254cd37fc;2024-06-10T20:32:00Z;2318.5;2318.5;2318.5;2318.5;20;
9b4d5059-51d3-4154-b0b9-038254cd37fc;2024-06-10T20:34:00Z;2318.5;2318.5;2318.5;2318.5;1;
9b4d5059-51d3-4154-b0b9-038254cd37fc;2024-06-10T20:35:00Z;2318.5;2318.5;2318.6;2318.5;25;
9b4d5059-51d3-4154-b0b9-038254cd37fc;2024-06-10T20:36:00Z;2318.6;2318.5;2318.6;2318.5;63;
9b4d5059-51d3-4154-b0b9-038254cd37fc;2024-06-10T20:37:00Z;2318.6;2318.6;2318.6;2318.6;40;
9b4d5059-51d3-4154-b0b9-038254cd37fc;2024-06-10T20:38:00Z;2318.6;2318.7;2318.7;2318.6;16;
9b4d5059-51d3-4154-b0b9-038254cd37fc;2024-06-10T20:39:00Z;2318.6;2318.6;2318.6;2318.6;2;
9b4d5059-51d3-4154-b0b9-038254cd37fc;2024-06-10T20:40:00Z;2318.7;2318.6;2318.7;2318.6;15;
9b4d5059-51d3-4154-b0b9-038254cd37fc;2024-06-10T20:41:00Z;2318.7;2318.9;2318.9;2318.7;108;
9b4d5059-51d3-4154-b0b9-038254cd37fc;2024-06-10T20:42:00Z;2318.9;2319.1;2319.1;2318.9;92;
9b4d5059-51d3-4154-b0b9-038254cd37fc;2024-06-10T20:43:00Z;2319.1;2318.7;2319.1;2318.7;36;
9b4d5059-51d3-4154-b0b9-038254cd37fc;2024-06-10T20:44:00Z;2318.7;2318.6;2318.7;2318.6;21;
9b4d5059-51d3-4154-b0b9-038254cd37fc;2024-06-10T20:45:00Z;2318.7;2318.7;2318.8;2318.7;28;
9b4d5059-51d3-4154-b0b9-038254cd37fc;2024-06-10T20:46:00Z;2318.7;2318.7;2318.8;2318.7;126;
9b4d5059-51d3-4154-b0b9-038254cd37fc;2024-06-10T20:47:00Z;2318.7;2318.5;2319.1;2318.4;130;
9b4d5059-51d3-4154-b0b9-038254cd37fc;2024-06-10T20:48:00Z;2318.5;2317.9;2318.5;2317.9;105;
9b4d5059-51d3-4154-b0b9-038254cd37fc;2024-06-10T20:49:00Z;2317.9;2317.9;2318.1;2317.7;136;
