4d84b0be-2bde-44f4-b7bc-a20bf4c531cf;2024-05-28T06:00:00Z;2373;2372;2373;2372;7;
4d84b0be-2bde-44f4-b7bc-a20bf4c531cf;2024-05-28T06:01:00Z;2371.9;2371.8;2371.9;2371.8;7;
4d84b0be-2bde-44f4-b7bc-a20bf4c531cf;2024-05-28T06:02:00Z;2371.8;2371.7;2371.8;2371.7;10;
4d84b0be-2bde-44f4-b7bc-a20bf4c531cf;2024-05-28T06:03:00Z;2371.4;2371.4;2371.4;2371.4;1;
4d84b0be-2bde-44f4-b7bc-a20bf4c531cf;2024-05-28T06:06:00Z;2371.9;2372.4;2372.4;2371.9;3;
4d84b0be-2bde-44f4-b7bc-a20bf4c531cf;2024-05-28T06:08:00Z;2371.8;2371.7;2371.8;2371.7;2;
4d84b0be-2bde-44f4-b7bc-a20bf4c531cf;2024-05-28T06:09:00Z;2371.5;2370.9;2371.5;2370.9;4;
4d84b0be-2bde-44f4-b7bc-a20bf4c531cf;2024-05-28T06:10:00Z;2371;2371;2371;2371;1;
4d84b0be-2bde-44f4-b7bc-a20bf4c531cf;2024-05-28T06:11:00Z;2370.4;2370.7;2370.7;2370.4;4;
4d84b0be-2bde-44f4-b7bc-a20bf4c531cf;2024-05-28T06:12:00Z;2370.3;2369.2;2370.3;2369;33;
4d84b0be-2bde-44f4-b7bc-a20bf4c531cf;2024-05-28T06:13:00Z;2369.5;2369.5;2369.5;2369.5;2;
4d84b0be-2bde-44f4-b7bc-a20bf4c531cf;2024-05-28T06:15:00Z;2369.3;2369.4;2369.4;2369.3;3;
4d84b0be-2bde-44f4-b7bc-a20bf4c531cf;2024-05-28T06:16:00Z;2369.3;2369;2369.3;2369;3;
4d84b0be-2bde-44f4-b7bc-a20bf4c531cf;2024-05-28T06:17:00Z;2368.9;2368.6;2368.9;2368.6;5;
4d84b0be-2bde-44f4-b7bc-a20bf4c531cf;2024-05-28T06:20:00Z;2369.3;2369.3;2369.3;2369.3;2;
4d84b0be-2bde-44f4-b7bc-a20bf4c531cf;2024-05-28T06:21:00Z;2368.5;2368;2368.5;2368;12;
4d84b0be-2bde-44f4-b7bc-a20bf4c531cf;2024-05-28T06:22:00Z;2367.6;2367;2367.6;2366.8;11;
4d84b0be-2bde-44f4-b7bc-a20bf4c531cf;2024-05-28T06:23:00Z;2367.5;2366;2367.5;2366;7;
4d84b0be-2bde-44f4-b7bc-a20bf4c531cf;2024-05-28T06:24:00Z;2365.9;2366;2366;2365.9;3;
4d84b0be-2bde-44f4-b7bc-a20bf4c531cf;2024-05-28T06:25:00Z;2366;2365.4;2366;2365.4;23;
4d84b0be-2bde-44f4-b7bc-a20bf4c531cf;2024-05-28T06:26:00Z;2365;2365.6;2365.6;2364.9;13;
4d84b0be-2bde-44f4-b7bc-a20bf4c531cf;2024-05-28T06:27:00Z;2366.1;2366.2;2366.2;2366.1;8;
4d84b0be-2bde-44f4-b7bc-a20bf4c531cf;2024-05-28T06:28:00Z;2366.2;2365.5;2366.2;2365.5;21;
4d84b0be-2bde-44f4-b7bc-a20bf4c531cf;2024-05-28T06:29:00Z;2365.3;2365.5;2365.5;2365.3;19;
4d84b0be-2bde-44f4-b7bc-a20bf4c531cf;2024-05-28T06:30:00Z;2366.2;2366.2;2366.2;2366.2;5;
4d84b0be-2bde-44f4-b7bc-a20bf4c531cf;2024-05-28T06:32:00Z;2366.6;2365.5;2366.6;2365.5;8;
4d84b0be-2bde-44f4-b7bc-a20bf4c531cf;2024-05-28T06:33:00Z;2365.6;2366.3;2366.3;2365.5;46;
4d84b0be-2bde-44f4-b7bc-a20bf4c531cf;2024-05-28T06:34:00Z;2366.2;2366.5;2366.5;2366.2;11;
4d84b0be-2bde-44f4-b7bc-a20bf4c531cf;2024-05-28T06:35:00Z;2366.2;2366.8;2366.8;2366.1;9;
4d84b0be-2bde-44f4-b7bc-a20bf4c531cf;2024-05-28T06:36:00Z;2366.6;2366.7;2366.7;2366.4;6;
4d84b0be-2bde-44f4-b7bc-a20bf4c531cf;2024-05-28T06:37:00Z;2366.6;2366.5;2366.6;2366.3;10;
4d84b0be-2bde-44f4-b7bc-a20bf4c531cf;2024-05-28T06:38:00Z;2366.5;2366.3;2366.5;2366.3;6;
4d84b0be-2bde-44f4-b7bc-a20bf4c531cf;2024-05-28T06:39:00Z;2366.3;2366;2366.3;2365.9;11;
4d84b0be-2bde-44f4-b7bc-a20bf4c531cf;2024-05-28T06:40:00Z;2366;2366.2;2366.2;2365.8;6;
4d84b0be-2bde-44f4-b7bc-a20bf4c531cf;2024-05-28T06:41:00Z;2365.5;2364.5;2365.5;2364.3;20;
4d84b0be-2bde-44f4-b7bc-a20bf4c531cf;2024-05-28T06:42:00Z;2365;2364.9;2365.2;2364.7;11;
4d84b0be-2bde-44f4-b7bc-a20bf4c531cf;2024-05-28T06:43:00Z;2364.9;2364.9;2364.9;2364.9;5;
4d84b0be-2bde-44f4-b7bc-a20bf4c531cf;2024-05-28T06:44:00Z;2364.8;2365;2365;2364.8;3;
4d84b0be-2bde-44f4-b7bc-a20bf4c531cf;2024-05-28T06:46:00Z;2365.3;2363.9;2365.3;2363.8;35;
4d84b0be-2bde-44f4-b7bc-a20bf4c531cf;2024-05-28T06:47:00Z;2363.9;2363.9;2363.9;2363.9;29;
4d84b0be-2bde-44f4-b7bc-a20bf4c531cf;2024-05-28T06:48:00Z;2363.9;2364;2364.2;2363.9;21;
4d84b0be-2bde-44f4-b7bc-a20bf4c531cf;2024-05-28T06:52:00Z;2364;2364;2364;2364;2;
4d84b0be-2bde-44f4-b7bc-a20bf4c531cf;2024-05-28T06:53:00Z;2363.7;2363.8;2363.8;2363.7;5;
4d84b0be-2bde-44f4-b7bc-a20bf4c531cf;2024-05-28T06:55:00Z;2363.3;2363;2363.3;2363;2;
4d84b0be-2bde-44f4-b7bc-a20bf4c531cf;2024-05-28T06:56:00Z;2363.3;2363.3;2363.3;2363.3;4;
4d84b0be-2bde-44f4-b7bc-a20bf4c531cf;2024-05-28T06:58:00Z;2363.9;2363.2;2363.9;2363.2;4;
4d84b0be-2bde-44f4-b7bc-a20bf4c531cf;2024-05-28T07:00:00Z;2363.6;2363.9;2363.9;2363.5;13;
4d84b0be-2bde-44f4-b7bc-a20bf4c531cf;2024-05-28T07:02:00Z;2364.7;2365.7;2365.7;2364.7;22;
4d84b0be-2bde-44f4-b7bc-a20bf4c531cf;2024-05-28T07:03:00Z;2365.5;2365.5;2365.5;2365.5;2;
4d84b0be-2bde-44f4-b7bc-a20bf4c531cf;2024-05-28T07:04:00Z;2365.9;2366.2;2366.2;2365.9;4;
4d84b0be-2bde-44f4-b7bc-a20bf4c531cf;2024-05-28T07:05:00Z;2366;2365.5;2366;2365.5;7;
4d84b0be-2bde-44f4-b7bc-a20bf4c531cf;2024-05-28T07:06:00Z;2365.1;2365.1;2365.1;2365.1;1;
4d84b0be-2bde-44f4-b7bc-a20bf4c531cf;2024-05-28T07:07:00Z;2365.2;2365.1;2365.2;2365.1;4;
4d84b0be-2bde-44f4-b7bc-a20bf4c531cf;2024-05-28T07:10:00Z;2365.6;2365;2365.6;2365;5;
4d84b0be-2bde-44f4-b7bc-a20bf4c531cf;2024-05-28T07:12:00Z;2365;2365;2365;2365;1;
4d84b0be-2bde-44f4-b7bc-a20bf4c531cf;2024-05-28T07:13:00Z;2365.2;2365.2;2365.2;2365.2;8;
4d84b0be-2bde-44f4-b7bc-a20bf4c531cf;2024-05-28T07:14:00Z;2364.5;2364.5;2364.5;2364.5;3;
4d84b0be-2bde-44f4-b7bc-a20bf4c531cf;2024-05-28T07:16:00Z;2364.8;2364.8;2364.8;2364.8;5;
4d84b0be-2bde-44f4-b7bc-a20bf4c531cf;2024-05-28T07:17:00Z;2364.9;2365.4;2365.4;2364.9;7;
4d84b0be-2bde-44f4-b7bc-a20bf4c531cf;2024-05-28T07:18:00Z;2365.9;2365.9;2365.9;2365.9;1;
4d84b0be-2bde-44f4-b7bc-a20bf4c531cf;2024-05-28T07:19:00Z;2366.5;2366.6;2366.6;2366.5;7;
4d84b0be-2bde-44f4-b7bc-a20bf4c531cf;2024-05-28T07:20:00Z;2366.3;2366.3;2366.3;2366.3;1;
4d84b0be-2bde-44f4-b7bc-a20bf4c531cf;2024-05-28T07:22:00Z;2366.1;2365.7;2366.1;2365.7;11;
4d84b0be-2bde-44f4-b7bc-a20bf4c531cf;2024-05-28T07:23:00Z;2365.7;2365.7;2365.7;2365.7;6;
4d84b0be-2bde-44f4-b7bc-a20bf4c531cf;2024-05-28T07:27:00Z;2365.5;2365.5;2365.5;2365.5;1;
4d84b0be-2bde-44f4-b7bc-a20bf4c531cf;2024-05-28T07:30:00Z;2365;2365.1;2365.1;2364.8;12;
4d84b0be-2bde-44f4-b7bc-a20bf4c531cf;2024-05-28T07:31:00Z;2365.6;2365.6;2365.6;2365.6;3;
4d84b0be-2bde-44f4-b7bc-a20bf4c531cf;2024-05-28T07:32:00Z;2364.8;2364.7;2364.8;2364.7;7;
4d84b0be-2bde-44f4-b7bc-a20bf4c531cf;2024-05-28T07:33:00Z;2365;2365;2365;2365;1;
4d84b0be-2bde-44f4-b7bc-a20bf4c531cf;2024-05-28T07:34:00Z;2365.2;2365.3;2365.3;2365.2;7;
4d84b0be-2bde-44f4-b7bc-a20bf4c531cf;2024-05-28T07:35:00Z;2366;2366;2366;2366;10;
4d84b0be-2bde-44f4-b7bc-a20bf4c531cf;2024-05-28T07:36:00Z;2366.4;2366.4;2366.4;2366.4;1;
4d84b0be-2bde-44f4-b7bc-a20bf4c531cf;2024-05-28T07:37:00Z;2366.4;2366.4;2366.4;2366.4;1;
4d84b0be-2bde-44f4-b7bc-a20bf4c531cf;2024-05-28T07:38:00Z;2366.4;2366.4;2366.4;2366.4;5;
4d84b0be-2bde-44f4-b7bc-a20bf4c531cf;2024-05-28T07:39:00Z;2366.3;2366.3;2366.3;2366.3;3;
4d84b0be-2bde-44f4-b7bc-a20bf4c531cf;2024-05-28T07:41:00Z;2365.8;2365.7;2365.9;2365.3;15;
4d84b0be-2bde-44f4-b7bc-a20bf4c531cf;2024-05-28T07:43:00Z;2366.5;2366.5;2366.5;2366.5;1;
4d84b0be-2bde-44f4-b7bc-a20bf4c531cf;2024-05-28T07:45:00Z;2366.5;2366.4;2366.5;2366.4;6;
4d84b0be-2bde-44f4-b7bc-a20bf4c531cf;2024-05-28T07:47:00Z;2366.3;2366.3;2366.3;2366.3;4;
4d84b0be-2bde-44f4-b7bc-a20bf4c531cf;2024-05-28T07:48:00Z;2366;2366;2366;2366;5;
4d84b0be-2bde-44f4-b7bc-a20bf4c531cf;2024-05-28T07:51:00Z;2366.5;2366.5;2366.5;2366.5;2;
4d84b0be-2bde-44f4-b7bc-a20bf4c531cf;2024-05-28T07:54:00Z;2366.3;2366.5;2366.5;2366.3;5;
4d84b0be-2bde-44f4-b7bc-a20bf4c531cf;2024-05-28T07:55:00Z;2366.4;2366.4;2366.4;2366.4;1;
4d84b0be-2bde-44f4-b7bc-a20bf4c531cf;2024-05-28T07:58:00Z;2366.4;2366.4;2366.4;2366.4;1;
4d84b0be-2bde-44f4-b7bc-a20bf4c531cf;2024-05-28T08:00:00Z;2366.1;2366.1;2366.1;2366.1;2;
4d84b0be-2bde-44f4-b7bc-a20bf4c531cf;2024-05-28T08:01:00Z;2365.8;2366.5;2366.5;2365.8;9;
4d84b0be-2bde-44f4-b7bc-a20bf4c531cf;2024-05-28T08:02:00Z;2366.4;2366.4;2366.4;2366.4;1;
4d84b0be-2bde-44f4-b7bc-a20bf4c531cf;2024-05-28T08:03:00Z;2366.3;2366.3;2366.3;2366.3;2;
4d84b0be-2bde-44f4-b7bc-a20bf4c531cf;2024-05-28T08:04:00Z;2366.4;2366.3;2366.4;2366.3;3;
4d84b0be-2bde-44f4-b7bc-a20bf4c531cf;2024-05-28T08:05:00Z;2366.3;2366.1;2366.3;2366.1;7;
4d84b0be-2bde-44f4-b7bc-a20bf4c531cf;2024-05-28T08:07:00Z;2366.2;2366.2;2366.2;2366.2;5;
4d84b0be-2bde-44f4-b7bc-a20bf4c531cf;2024-05-28T08:08:00Z;2365.2;2365.2;2365.2;2365.2;2;
4d84b0be-2bde-44f4-b7bc-a20bf4c531cf;2024-05-28T08:09:00Z;2365;2365;2365;2365;1;
4d84b0be-2bde-44f4-b7bc-a20bf4c531cf;2024-05-28T08:10:00Z;2363.8;2362.8;2363.9;2362.7;323;
4d84b0be-2bde-44f4-b7bc-a20bf4c531cf;2024-05-28T08:11:00Z;2363.5;2364.7;2364.7;2363;27;
4d84b0be-2bde-44f4-b7bc-a20bf4c531cf;2024-05-28T08:13:00Z;2363.5;2363.5;2363.5;2363.5;1;
4d84b0be-2bde-44f4-b7bc-a20bf4c531cf;2024-05-28T08:14:00Z;2363.4;2362.6;2363.4;2362.6;3;
4d84b0be-2bde-44f4-b7bc-a20bf4c531cf;2024-05-28T08:15:00Z;2362.5;2363.2;2363.2;2362.3;21;
4d84b0be-2bde-44f4-b7bc-a20bf4c531cf;2024-05-28T08:16:00Z;2363.2;2362.7;2363.2;2362.6;23;
4d84b0be-2bde-44f4-b7bc-a20bf4c531cf;2024-05-28T08:17:00Z;2362.8;2362.7;2362.8;2362.7;3;
4d84b0be-2bde-44f4-b7bc-a20bf4c531cf;2024-05-28T08:18:00Z;2362.4;2362.4;2362.4;2362.4;1;
4d84b0be-2bde-44f4-b7bc-a20bf4c531cf;2024-05-28T08:19:00Z;2362;2362;2362;2362;11;
4d84b0be-2bde-44f4-b7bc-a20bf4c531cf;2024-05-28T08:21:00Z;2363;2363;2363;2363;1;
4d84b0be-2bde-44f4-b7bc-a20bf4c531cf;2024-05-28T08:22:00Z;2362.8;2362.8;2362.8;2362.8;1;
4d84b0be-2bde-44f4-b7bc-a20bf4c531cf;2024-05-28T08:23:00Z;2363;2363;2363;2363;1;
4d84b0be-2bde-44f4-b7bc-a20bf4c531cf;2024-05-28T08:25:00Z;2363;2363;2363;2363;1;
4d84b0be-2bde-44f4-b7bc-a20bf4c531cf;2024-05-28T08:26:00Z;2363;2362.8;2363;2362.8;2;
4d84b0be-2bde-44f4-b7bc-a20bf4c531cf;2024-05-28T08:27:00Z;2364;2364;2364;2364;5;
4d84b0be-2bde-44f4-b7bc-a20bf4c531cf;2024-05-28T08:28:00Z;2363.8;2363.8;2363.8;2363.8;5;
4d84b0be-2bde-44f4-b7bc-a20bf4c531cf;2024-05-28T08:29:00Z;2363.7;2363.7;2363.7;2363.7;2;
4d84b0be-2bde-44f4-b7bc-a20bf4c531cf;2024-05-28T08:30:00Z;2363.7;2363.7;2363.7;2363.7;2;
4d84b0be-2bde-44f4-b7bc-a20bf4c531cf;2024-05-28T08:32:00Z;2363.6;2363.6;2363.6;2363.6;1;
4d84b0be-2bde-44f4-b7bc-a20bf4c531cf;2024-05-28T08:34:00Z;2364;2364;2364;2364;1;
4d84b0be-2bde-44f4-b7bc-a20bf4c531cf;2024-05-28T08:35:00Z;2363.8;2363.8;2363.8;2363.8;1;
4d84b0be-2bde-44f4-b7bc-a20bf4c531cf;2024-05-28T08:37:00Z;2363.6;2363.6;2363.6;2363.6;2;
4d84b0be-2bde-44f4-b7bc-a20bf4c531cf;2024-05-28T08:39:00Z;2363.9;2364;2364;2363.9;5;
4d84b0be-2bde-44f4-b7bc-a20bf4c531cf;2024-05-28T08:40:00Z;2364;2364;2364;2364;2;
4d84b0be-2bde-44f4-b7bc-a20bf4c531cf;2024-05-28T08:43:00Z;2364.2;2363.9;2364.2;2363.9;8;
4d84b0be-2bde-44f4-b7bc-a20bf4c531cf;2024-05-28T08:49:00Z;2363.9;2363.9;2363.9;2363.9;7;
4d84b0be-2bde-44f4-b7bc-a20bf4c531cf;2024-05-28T08:50:00Z;2364.7;2365;2365;2364.7;13;
4d84b0be-2bde-44f4-b7bc-a20bf4c531cf;2024-05-28T08:53:00Z;2365.2;2365.2;2365.2;2365.2;1;
4d84b0be-2bde-44f4-b7bc-a20bf4c531cf;2024-05-28T08:57:00Z;2366.8;2366.4;2366.8;2366.4;2;
4d84b0be-2bde-44f4-b7bc-a20bf4c531cf;2024-05-28T09:00:00Z;2367;2367;2367;2367;8;
4d84b0be-2bde-44f4-b7bc-a20bf4c531cf;2024-05-28T09:01:00Z;2367;2367;2367;2367;5;
4d84b0be-2bde-44f4-b7bc-a20bf4c531cf;2024-05-28T09:02:00Z;2366.7;2366.7;2366.7;2366.7;1;
4d84b0be-2bde-44f4-b7bc-a20bf4c531cf;2024-05-28T09:03:00Z;2366.5;2366;2366.5;2366;10;
4d84b0be-2bde-44f4-b7bc-a20bf4c531cf;2024-05-28T09:09:00Z;2366.3;2366.3;2366.3;2366.3;10;
4d84b0be-2bde-44f4-b7bc-a20bf4c531cf;2024-05-28T09:10:00Z;2366.6;2367.1;2367.1;2366.6;8;
4d84b0be-2bde-44f4-b7bc-a20bf4c531cf;2024-05-28T09:11:00Z;2368;2368.4;2368.4;2368;5;
4d84b0be-2bde-44f4-b7bc-a20bf4c531cf;2024-05-28T09:12:00Z;2367.5;2367.5;2367.5;2367.5;3;
4d84b0be-2bde-44f4-b7bc-a20bf4c531cf;2024-05-28T09:18:00Z;2365.7;2365.7;2365.7;2365.7;2;
4d84b0be-2bde-44f4-b7bc-a20bf4c531cf;2024-05-28T09:19:00Z;2365.1;2365;2365.1;2365;11;
4d84b0be-2bde-44f4-b7bc-a20bf4c531cf;2024-05-28T09:21:00Z;2365.1;2365.1;2365.1;2365.1;1;
4d84b0be-2bde-44f4-b7bc-a20bf4c531cf;2024-05-28T09:22:00Z;2365;2364.7;2365;2364.7;16;
4d84b0be-2bde-44f4-b7bc-a20bf4c531cf;2024-05-28T09:23:00Z;2365.3;2365.3;2365.3;2365.3;2;
4d84b0be-2bde-44f4-b7bc-a20bf4c531cf;2024-05-28T09:25:00Z;2366.8;2366.8;2366.8;2366.8;1;
4d84b0be-2bde-44f4-b7bc-a20bf4c531cf;2024-05-28T09:36:00Z;2366.6;2366.6;2366.6;2366.6;1;
4d84b0be-2bde-44f4-b7bc-a20bf4c531cf;2024-05-28T09:37:00Z;2366.8;2367;2367;2366.8;23;
4d84b0be-2bde-44f4-b7bc-a20bf4c531cf;2024-05-28T09:38:00Z;2367;2367;2367;2367;12;
4d84b0be-2bde-44f4-b7bc-a20bf4c531cf;2024-05-28T09:42:00Z;2367;2367;2367;2367;3;
4d84b0be-2bde-44f4-b7bc-a20bf4c531cf;2024-05-28T09:44:00Z;2367;2367;2367;2367;14;
4d84b0be-2bde-44f4-b7bc-a20bf4c531cf;2024-05-28T09:45:00Z;2366.7;2366.7;2366.7;2366.7;6;
4d84b0be-2bde-44f4-b7bc-a20bf4c531cf;2024-05-28T09:48:00Z;2367;2367.1;2367.1;2367;4;
4d84b0be-2bde-44f4-b7bc-a20bf4c531cf;2024-05-28T09:51:00Z;2367.5;2367.5;2367.5;2367.5;7;
4d84b0be-2bde-44f4-b7bc-a20bf4c531cf;2024-05-28T09:52:00Z;2367.8;2367.8;2367.8;2367.8;2;
4d84b0be-2bde-44f4-b7bc-a20bf4c531cf;2024-05-28T09:53:00Z;2367.9;2368;2368;2367.9;4;
4d84b0be-2bde-44f4-b7bc-a20bf4c531cf;2024-05-28T09:55:00Z;2368.1;2368.1;2368.1;2368.1;1;
4d84b0be-2bde-44f4-b7bc-a20bf4c531cf;2024-05-28T10:02:00Z;2367.8;2367.6;2367.8;2367.6;2;
4d84b0be-2bde-44f4-b7bc-a20bf4c531cf;2024-05-28T10:05:00Z;2366.9;2366.9;2366.9;2366.6;16;
4d84b0be-2bde-44f4-b7bc-a20bf4c531cf;2024-05-28T10:06:00Z;2366.9;2366.9;2366.9;2366.9;1;
4d84b0be-2bde-44f4-b7bc-a20bf4c531cf;2024-05-28T10:09:00Z;2367.8;2367.8;2367.8;2367.8;1;
4d84b0be-2bde-44f4-b7bc-a20bf4c531cf;2024-05-28T10:10:00Z;2367.8;2367.8;2367.8;2367.8;1;
4d84b0be-2bde-44f4-b7bc-a20bf4c531cf;2024-05-28T10:12:00Z;2368.2;2368.2;2368.2;2368.2;1;
4d84b0be-2bde-44f4-b7bc-a20bf4c531cf;2024-05-28T10:16:00Z;2368;2368.1;2368.1;2368;5;
4d84b0be-2bde-44f4-b7bc-a20bf4c531cf;2024-05-28T10:18:00Z;2367.4;2367.6;2367.6;2367.4;2;
4d84b0be-2bde-44f4-b7bc-a20bf4c531cf;2024-05-28T10:19:00Z;2367.9;2367.9;2367.9;2367.9;2;
4d84b0be-2bde-44f4-b7bc-a20bf4c531cf;2024-05-28T10:20:00Z;2367.8;2367.7;2367.8;2367.7;3;
4d84b0be-2bde-44f4-b7bc-a20bf4c531cf;2024-05-28T10:21:00Z;2367.9;2367.9;2367.9;2367.9;1;
4d84b0be-2bde-44f4-b7bc-a20bf4c531cf;2024-05-28T10:24:00Z;2368.2;2368.4;2368.4;2368.2;3;
4d84b0be-2bde-44f4-b7bc-a20bf4c531cf;2024-05-28T10:25:00Z;2368.9;2368.6;2368.9;2368.6;11;
4d84b0be-2bde-44f4-b7bc-a20bf4c531cf;2024-05-28T10:27:00Z;2368.6;2368.1;2368.6;2368.1;3;
4d84b0be-2bde-44f4-b7bc-a20bf4c531cf;2024-05-28T10:28:00Z;2368.9;2368.9;2368.9;2368.9;1;
4d84b0be-2bde-44f4-b7bc-a20bf4c531cf;2024-05-28T10:36:00Z;2369;2369;2369;2369;3;
4d84b0be-2bde-44f4-b7bc-a20bf4c531cf;2024-05-28T10:38:00Z;2369;2369;2369;2369;8;
4d84b0be-2bde-44f4-b7bc-a20bf4c531cf;2024-05-28T10:41:00Z;2368.9;2368.9;2368.9;2368.9;3;
4d84b0be-2bde-44f4-b7bc-a20bf4c531cf;2024-05-28T10:44:00Z;2368.6;2368.8;2368.8;2368.6;20;
4d84b0be-2bde-44f4-b7bc-a20bf4c531cf;2024-05-28T10:47:00Z;2368.2;2368.2;2368.2;2368.2;8;
4d84b0be-2bde-44f4-b7bc-a20bf4c531cf;2024-05-28T10:51:00Z;2368.2;2368.2;2368.2;2368.2;6;
4d84b0be-2bde-44f4-b7bc-a20bf4c531cf;2024-05-28T10:53:00Z;2368.7;2368.9;2368.9;2368.7;6;
4d84b0be-2bde-44f4-b7bc-a20bf4c531cf;2024-05-28T10:55:00Z;2368.9;2368.9;2368.9;2368.9;2;
4d84b0be-2bde-44f4-b7bc-a20bf4c531cf;2024-05-28T10:59:00Z;2368.9;2368.9;2368.9;2368.9;1;
4d84b0be-2bde-44f4-b7bc-a20bf4c531cf;2024-05-28T11:05:00Z;2368.4;2368;2368.4;2368;4;
4d84b0be-2bde-44f4-b7bc-a20bf4c531cf;2024-05-28T11:06:00Z;2367.9;2367.9;2367.9;2367.9;2;
4d84b0be-2bde-44f4-b7bc-a20bf4c531cf;2024-05-28T11:07:00Z;2368.1;2368.1;2368.1;2368.1;6;
4d84b0be-2bde-44f4-b7bc-a20bf4c531cf;2024-05-28T11:08:00Z;2368;2368;2368;2368;1;
4d84b0be-2bde-44f4-b7bc-a20bf4c531cf;2024-05-28T11:09:00Z;2368.1;2368.2;2368.2;2368.1;4;
4d84b0be-2bde-44f4-b7bc-a20bf4c531cf;2024-05-28T11:10:00Z;2368.5;2368.7;2368.7;2368.5;16;
4d84b0be-2bde-44f4-b7bc-a20bf4c531cf;2024-05-28T11:12:00Z;2369;2369;2369;2369;1;
4d84b0be-2bde-44f4-b7bc-a20bf4c531cf;2024-05-28T11:13:00Z;2368.9;2368.9;2368.9;2368.9;1;
4d84b0be-2bde-44f4-b7bc-a20bf4c531cf;2024-05-28T11:14:00Z;2368.9;2368.9;2368.9;2368.9;5;
4d84b0be-2bde-44f4-b7bc-a20bf4c531cf;2024-05-28T11:15:00Z;2368.9;2368.9;2369;2368.9;8;
4d84b0be-2bde-44f4-b7bc-a20bf4c531cf;2024-05-28T11:17:00Z;2368.9;2368.9;2368.9;2368.9;4;
4d84b0be-2bde-44f4-b7bc-a20bf4c531cf;2024-05-28T11:19:00Z;2368.9;2368.9;2368.9;2368.9;2;
4d84b0be-2bde-44f4-b7bc-a20bf4c531cf;2024-05-28T11:24:00Z;2369;2369;2369;2369;2;
4d84b0be-2bde-44f4-b7bc-a20bf4c531cf;2024-05-28T11:25:00Z;2369;2369.1;2369.1;2369;3;
4d84b0be-2bde-44f4-b7bc-a20bf4c531cf;2024-05-28T11:26:00Z;2369.1;2369.2;2369.2;2369.1;4;
4d84b0be-2bde-44f4-b7bc-a20bf4c531cf;2024-05-28T11:27:00Z;2369.2;2369.2;2369.2;2369.2;1;
4d84b0be-2bde-44f4-b7bc-a20bf4c531cf;2024-05-28T11:37:00Z;2369.4;2369.8;2369.8;2369.4;5;
4d84b0be-2bde-44f4-b7bc-a20bf4c531cf;2024-05-28T11:43:00Z;2369.8;2369.8;2369.8;2369.8;12;
4d84b0be-2bde-44f4-b7bc-a20bf4c531cf;2024-05-28T11:44:00Z;2369.8;2369.8;2369.8;2369.8;1;
4d84b0be-2bde-44f4-b7bc-a20bf4c531cf;2024-05-28T11:45:00Z;2369.6;2369.6;2369.6;2369.6;11;
4d84b0be-2bde-44f4-b7bc-a20bf4c531cf;2024-05-28T11:47:00Z;2370;2371.4;2371.4;2370;4;
4d84b0be-2bde-44f4-b7bc-a20bf4c531cf;2024-05-28T11:49:00Z;2371.6;2372;2372;2371.6;15;
4d84b0be-2bde-44f4-b7bc-a20bf4c531cf;2024-05-28T11:51:00Z;2372.2;2372.6;2372.6;2372.2;13;
4d84b0be-2bde-44f4-b7bc-a20bf4c531cf;2024-05-28T11:52:00Z;2372.2;2372.2;2372.2;2372.2;1;
4d84b0be-2bde-44f4-b7bc-a20bf4c531cf;2024-05-28T11:54:00Z;2372.3;2372.3;2372.3;2372.3;1;
4d84b0be-2bde-44f4-b7bc-a20bf4c531cf;2024-05-28T11:56:00Z;2372.6;2372.7;2372.7;2372.6;5;
4d84b0be-2bde-44f4-b7bc-a20bf4c531cf;2024-05-28T11:57:00Z;2372.8;2372.9;2372.9;2372.8;6;
4d84b0be-2bde-44f4-b7bc-a20bf4c531cf;2024-05-28T11:58:00Z;2372.8;2372.9;2373;2372.7;12;
4d84b0be-2bde-44f4-b7bc-a20bf4c531cf;2024-05-28T12:00:00Z;2372.7;2372.1;2372.7;2372.1;7;
4d84b0be-2bde-44f4-b7bc-a20bf4c531cf;2024-05-28T12:01:00Z;2372.1;2372;2372.1;2372;16;
4d84b0be-2bde-44f4-b7bc-a20bf4c531cf;2024-05-28T12:03:00Z;2372;2372;2372;2372;2;
4d84b0be-2bde-44f4-b7bc-a20bf4c531cf;2024-05-28T12:04:00Z;2372;2372;2372;2372;1;
4d84b0be-2bde-44f4-b7bc-a20bf4c531cf;2024-05-28T12:05:00Z;2372.3;2372.3;2372.3;2372.3;1;
4d84b0be-2bde-44f4-b7bc-a20bf4c531cf;2024-05-28T12:06:00Z;2373.3;2373.3;2373.3;2373.3;1;
4d84b0be-2bde-44f4-b7bc-a20bf4c531cf;2024-05-28T12:07:00Z;2373.1;2372.4;2373.5;2372.4;4;
4d84b0be-2bde-44f4-b7bc-a20bf4c531cf;2024-05-28T12:08:00Z;2372.3;2372.4;2372.4;2372.3;2;
4d84b0be-2bde-44f4-b7bc-a20bf4c531cf;2024-05-28T12:10:00Z;2373.4;2373.4;2373.4;2373.4;1;
4d84b0be-2bde-44f4-b7bc-a20bf4c531cf;2024-05-28T12:11:00Z;2373.8;2374.6;2374.6;2373.8;5;
4d84b0be-2bde-44f4-b7bc-a20bf4c531cf;2024-05-28T12:12:00Z;2375;2375.3;2375.3;2375;40;
4d84b0be-2bde-44f4-b7bc-a20bf4c531cf;2024-05-28T12:13:00Z;2374.8;2374.8;2374.8;2374.8;3;
4d84b0be-2bde-44f4-b7bc-a20bf4c531cf;2024-05-28T12:14:00Z;2374.7;2375;2375;2374.7;2;
4d84b0be-2bde-44f4-b7bc-a20bf4c531cf;2024-05-28T12:15:00Z;2375.2;2375;2375.2;2375;9;
4d84b0be-2bde-44f4-b7bc-a20bf4c531cf;2024-05-28T12:16:00Z;2374.7;2374.7;2374.7;2374.7;2;
4d84b0be-2bde-44f4-b7bc-a20bf4c531cf;2024-05-28T12:17:00Z;2374.9;2375.4;2375.4;2374.9;7;
4d84b0be-2bde-44f4-b7bc-a20bf4c531cf;2024-05-28T12:18:00Z;2375.6;2376.6;2376.6;2375.6;20;
4d84b0be-2bde-44f4-b7bc-a20bf4c531cf;2024-05-28T12:19:00Z;2376.7;2376.4;2376.7;2376.4;2;
4d84b0be-2bde-44f4-b7bc-a20bf4c531cf;2024-05-28T12:20:00Z;2376.5;2376.8;2376.8;2376.4;3;
4d84b0be-2bde-44f4-b7bc-a20bf4c531cf;2024-05-28T12:21:00Z;2376.4;2376.4;2376.4;2376.4;2;
4d84b0be-2bde-44f4-b7bc-a20bf4c531cf;2024-05-28T12:22:00Z;2376.5;2376.8;2376.8;2376.5;4;
4d84b0be-2bde-44f4-b7bc-a20bf4c531cf;2024-05-28T12:23:00Z;2377.2;2376.6;2377.2;2376.6;9;
4d84b0be-2bde-44f4-b7bc-a20bf4c531cf;2024-05-28T12:24:00Z;2377;2378.6;2378.6;2377;17;
4d84b0be-2bde-44f4-b7bc-a20bf4c531cf;2024-05-28T12:25:00Z;2378.5;2378.5;2378.5;2378.5;1;
4d84b0be-2bde-44f4-b7bc-a20bf4c531cf;2024-05-28T12:26:00Z;2378.1;2379;2379;2378.1;23;
4d84b0be-2bde-44f4-b7bc-a20bf4c531cf;2024-05-28T12:27:00Z;2378.7;2379.5;2379.5;2378.7;5;
4d84b0be-2bde-44f4-b7bc-a20bf4c531cf;2024-05-28T12:29:00Z;2379.1;2379;2379.2;2379;163;
4d84b0be-2bde-44f4-b7bc-a20bf4c531cf;2024-05-28T12:30:00Z;2378.3;2377.8;2378.3;2377.6;18;
4d84b0be-2bde-44f4-b7bc-a20bf4c531cf;2024-05-28T12:31:00Z;2378.7;2378.6;2378.7;2378.6;3;
4d84b0be-2bde-44f4-b7bc-a20bf4c531cf;2024-05-28T12:32:00Z;2377;2377;2377;2377;4;
4d84b0be-2bde-44f4-b7bc-a20bf4c531cf;2024-05-28T12:33:00Z;2377;2377.6;2377.6;2377;10;
4d84b0be-2bde-44f4-b7bc-a20bf4c531cf;2024-05-28T12:34:00Z;2377.8;2377.8;2377.8;2377.8;1;
4d84b0be-2bde-44f4-b7bc-a20bf4c531cf;2024-05-28T12:35:00Z;2378;2377.3;2378.2;2377.3;5;
4d84b0be-2bde-44f4-b7bc-a20bf4c531cf;2024-05-28T12:36:00Z;2377.5;2378.6;2378.6;2377.5;8;
4d84b0be-2bde-44f4-b7bc-a20bf4c531cf;2024-05-28T12:37:00Z;2378.5;2379.5;2379.5;2378.5;28;
4d84b0be-2bde-44f4-b7bc-a20bf4c531cf;2024-05-28T12:38:00Z;2379.8;2379.8;2380.2;2379.8;41;
4d84b0be-2bde-44f4-b7bc-a20bf4c531cf;2024-05-28T12:39:00Z;2380.2;2380.2;2380.2;2379.6;91;
4d84b0be-2bde-44f4-b7bc-a20bf4c531cf;2024-05-28T12:40:00Z;2380.4;2380.5;2380.8;2380.4;15;
4d84b0be-2bde-44f4-b7bc-a20bf4c531cf;2024-05-28T12:41:00Z;2380.5;2380.4;2380.6;2380.4;13;
4d84b0be-2bde-44f4-b7bc-a20bf4c531cf;2024-05-28T12:42:00Z;2380.6;2380.2;2380.9;2380.2;21;
4d84b0be-2bde-44f4-b7bc-a20bf4c531cf;2024-05-28T12:43:00Z;2380;2379.4;2380.1;2379.4;64;
4d84b0be-2bde-44f4-b7bc-a20bf4c531cf;2024-05-28T12:44:00Z;2379.5;2380;2380;2379.5;4;
4d84b0be-2bde-44f4-b7bc-a20bf4c531cf;2024-05-28T12:45:00Z;2380.2;2379.4;2380.2;2379.4;25;
4d84b0be-2bde-44f4-b7bc-a20bf4c531cf;2024-05-28T12:46:00Z;2379.4;2379.6;2379.6;2379.4;19;
4d84b0be-2bde-44f4-b7bc-a20bf4c531cf;2024-05-28T12:47:00Z;2379.6;2379.6;2379.6;2379.6;29;
4d84b0be-2bde-44f4-b7bc-a20bf4c531cf;2024-05-28T12:48:00Z;2379.6;2379.4;2379.6;2379.4;5;
4d84b0be-2bde-44f4-b7bc-a20bf4c531cf;2024-05-28T12:49:00Z;2379.2;2378.8;2379.2;2378.7;11;
4d84b0be-2bde-44f4-b7bc-a20bf4c531cf;2024-05-28T12:50:00Z;2378.8;2378.8;2378.8;2378.8;27;
4d84b0be-2bde-44f4-b7bc-a20bf4c531cf;2024-05-28T12:51:00Z;2378.4;2378.4;2378.4;2378.4;4;
4d84b0be-2bde-44f4-b7bc-a20bf4c531cf;2024-05-28T12:52:00Z;2378.4;2378.4;2378.4;2378.4;5;
4d84b0be-2bde-44f4-b7bc-a20bf4c531cf;2024-05-28T12:54:00Z;2378.4;2378.4;2378.4;2378.4;6;
4d84b0be-2bde-44f4-b7bc-a20bf4c531cf;2024-05-28T12:55:00Z;2378.4;2378.4;2378.4;2378.4;2;
4d84b0be-2bde-44f4-b7bc-a20bf4c531cf;2024-05-28T12:56:00Z;2378.5;2378.4;2378.5;2378.4;2;
4d84b0be-2bde-44f4-b7bc-a20bf4c531cf;2024-05-28T12:57:00Z;2378.4;2378.4;2378.4;2378.4;10;
4d84b0be-2bde-44f4-b7bc-a20bf4c531cf;2024-05-28T12:58:00Z;2378.4;2378;2378.4;2378;80;
4d84b0be-2bde-44f4-b7bc-a20bf4c531cf;2024-05-28T12:59:00Z;2377.8;2378;2378;2377.8;4;
4d84b0be-2bde-44f4-b7bc-a20bf4c531cf;2024-05-28T13:00:00Z;2378;2378.5;2378.5;2377.5;40;
4d84b0be-2bde-44f4-b7bc-a20bf4c531cf;2024-05-28T13:01:00Z;2378.5;2378.8;2379;2378.5;37;
4d84b0be-2bde-44f4-b7bc-a20bf4c531cf;2024-05-28T13:02:00Z;2379;2379.4;2379.4;2379;3;
4d84b0be-2bde-44f4-b7bc-a20bf4c531cf;2024-05-28T13:03:00Z;2379.2;2379.6;2379.6;2379.2;12;
4d84b0be-2bde-44f4-b7bc-a20bf4c531cf;2024-05-28T13:04:00Z;2379.5;2379.4;2379.5;2379.4;2;
4d84b0be-2bde-44f4-b7bc-a20bf4c531cf;2024-05-28T13:06:00Z;2378.8;2378.7;2378.8;2378.7;2;
4d84b0be-2bde-44f4-b7bc-a20bf4c531cf;2024-05-28T13:08:00Z;2378;2378;2378;2378;2;
4d84b0be-2bde-44f4-b7bc-a20bf4c531cf;2024-05-28T13:09:00Z;2379;2377;2379;2376.7;21;
4d84b0be-2bde-44f4-b7bc-a20bf4c531cf;2024-05-28T13:11:00Z;2379.3;2379.3;2379.3;2379.3;1;
4d84b0be-2bde-44f4-b7bc-a20bf4c531cf;2024-05-28T13:12:00Z;2379.7;2382.1;2383.2;2379.7;92;
4d84b0be-2bde-44f4-b7bc-a20bf4c531cf;2024-05-28T13:13:00Z;2381.7;2381.8;2382.3;2381.5;39;
4d84b0be-2bde-44f4-b7bc-a20bf4c531cf;2024-05-28T13:14:00Z;2381.8;2381;2381.8;2380.8;55;
4d84b0be-2bde-44f4-b7bc-a20bf4c531cf;2024-05-28T13:15:00Z;2382.3;2384.8;2385.5;2382.3;90;
4d84b0be-2bde-44f4-b7bc-a20bf4c531cf;2024-05-28T13:16:00Z;2385.2;2384.5;2385.7;2384.5;30;
4d84b0be-2bde-44f4-b7bc-a20bf4c531cf;2024-05-28T13:17:00Z;2384.9;2385.9;2386.3;2384.9;20;
4d84b0be-2bde-44f4-b7bc-a20bf4c531cf;2024-05-28T13:18:00Z;2386;2386.1;2386.5;2386;123;
4d84b0be-2bde-44f4-b7bc-a20bf4c531cf;2024-05-28T13:19:00Z;2386.1;2386.9;2386.9;2386.1;284;
4d84b0be-2bde-44f4-b7bc-a20bf4c531cf;2024-05-28T13:20:00Z;2387;2386.5;2387.1;2386.5;46;
4d84b0be-2bde-44f4-b7bc-a20bf4c531cf;2024-05-28T13:21:00Z;2387.1;2387.1;2387.1;2387.1;1;
4d84b0be-2bde-44f4-b7bc-a20bf4c531cf;2024-05-28T13:22:00Z;2386.9;2387.1;2387.1;2386.9;17;
4d84b0be-2bde-44f4-b7bc-a20bf4c531cf;2024-05-28T13:23:00Z;2387.1;2388;2388;2387.1;28;
4d84b0be-2bde-44f4-b7bc-a20bf4c531cf;2024-05-28T13:24:00Z;2387.9;2387.3;2388;2387.3;6;
4d84b0be-2bde-44f4-b7bc-a20bf4c531cf;2024-05-28T13:25:00Z;2387.6;2386;2387.6;2386;4;
4d84b0be-2bde-44f4-b7bc-a20bf4c531cf;2024-05-28T13:26:00Z;2385.8;2385.4;2385.8;2385.4;2;
4d84b0be-2bde-44f4-b7bc-a20bf4c531cf;2024-05-28T13:27:00Z;2385.5;2386.9;2386.9;2385.5;12;
4d84b0be-2bde-44f4-b7bc-a20bf4c531cf;2024-05-28T13:28:00Z;2386.5;2387;2387;2386.5;114;
4d84b0be-2bde-44f4-b7bc-a20bf4c531cf;2024-05-28T13:29:00Z;2387;2386.7;2387;2386.7;136;
4d84b0be-2bde-44f4-b7bc-a20bf4c531cf;2024-05-28T13:30:00Z;2386.2;2386.2;2386.2;2386.2;222;
4d84b0be-2bde-44f4-b7bc-a20bf4c531cf;2024-05-28T13:31:00Z;2386.3;2387;2387.5;2386.3;14;
4d84b0be-2bde-44f4-b7bc-a20bf4c531cf;2024-05-28T13:32:00Z;2386.9;2387;2387;2386.9;83;
4d84b0be-2bde-44f4-b7bc-a20bf4c531cf;2024-05-28T13:33:00Z;2386.2;2386;2386.2;2385.9;38;
4d84b0be-2bde-44f4-b7bc-a20bf4c531cf;2024-05-28T13:34:00Z;2386;2385.6;2386;2385.6;55;
4d84b0be-2bde-44f4-b7bc-a20bf4c531cf;2024-05-28T13:35:00Z;2385.8;2386.2;2386.4;2385.8;16;
4d84b0be-2bde-44f4-b7bc-a20bf4c531cf;2024-05-28T13:36:00Z;2386.2;2387.3;2387.7;2386.2;38;
4d84b0be-2bde-44f4-b7bc-a20bf4c531cf;2024-05-28T13:37:00Z;2385.7;2384.2;2385.7;2384;21;
4d84b0be-2bde-44f4-b7bc-a20bf4c531cf;2024-05-28T13:38:00Z;2384.6;2384.6;2384.6;2384.6;1;
4d84b0be-2bde-44f4-b7bc-a20bf4c531cf;2024-05-28T13:39:00Z;2384;2384;2384.1;2384;122;
4d84b0be-2bde-44f4-b7bc-a20bf4c531cf;2024-05-28T13:40:00Z;2384.4;2385.2;2385.2;2384.4;13;
4d84b0be-2bde-44f4-b7bc-a20bf4c531cf;2024-05-28T13:41:00Z;2385.3;2386.5;2386.5;2385.3;11;
4d84b0be-2bde-44f4-b7bc-a20bf4c531cf;2024-05-28T13:42:00Z;2386.9;2386.9;2387;2386.9;8;
4d84b0be-2bde-44f4-b7bc-a20bf4c531cf;2024-05-28T13:44:00Z;2385.2;2385.2;2385.2;2385.2;4;
4d84b0be-2bde-44f4-b7bc-a20bf4c531cf;2024-05-28T13:45:00Z;2383;2381;2383;2381;48;
4d84b0be-2bde-44f4-b7bc-a20bf4c531cf;2024-05-28T13:46:00Z;2381.8;2381.5;2381.8;2381.4;5;
4d84b0be-2bde-44f4-b7bc-a20bf4c531cf;2024-05-28T13:47:00Z;2381.8;2382.1;2383;2381.8;11;
4d84b0be-2bde-44f4-b7bc-a20bf4c531cf;2024-05-28T13:48:00Z;2382.4;2381;2383;2381;22;
4d84b0be-2bde-44f4-b7bc-a20bf4c531cf;2024-05-28T13:49:00Z;2381.1;2381.1;2381.1;2381.1;3;
4d84b0be-2bde-44f4-b7bc-a20bf4c531cf;2024-05-28T13:50:00Z;2382.7;2382.7;2382.7;2382.7;1;
4d84b0be-2bde-44f4-b7bc-a20bf4c531cf;2024-05-28T13:51:00Z;2382.8;2383;2383;2382.5;12;
4d84b0be-2bde-44f4-b7bc-a20bf4c531cf;2024-05-28T13:52:00Z;2383.5;2383.5;2383.5;2383.5;1;
4d84b0be-2bde-44f4-b7bc-a20bf4c531cf;2024-05-28T13:54:00Z;2384;2383.6;2384;2383.6;2;
4d84b0be-2bde-44f4-b7bc-a20bf4c531cf;2024-05-28T13:55:00Z;2383.6;2382;2383.6;2382;9;
4d84b0be-2bde-44f4-b7bc-a20bf4c531cf;2024-05-28T13:56:00Z;2382.1;2381.1;2382.1;2381.1;7;
4d84b0be-2bde-44f4-b7bc-a20bf4c531cf;2024-05-28T13:57:00Z;2381.1;2380.4;2381.4;2380.4;11;
4d84b0be-2bde-44f4-b7bc-a20bf4c531cf;2024-05-28T13:58:00Z;2380;2380.5;2380.5;2379.9;21;
4d84b0be-2bde-44f4-b7bc-a20bf4c531cf;2024-05-28T13:59:00Z;2380.3;2381;2381;2380.3;3;
4d84b0be-2bde-44f4-b7bc-a20bf4c531cf;2024-05-28T14:00:00Z;2380.8;2378.5;2380.8;2378.2;44;
4d84b0be-2bde-44f4-b7bc-a20bf4c531cf;2024-05-28T14:01:00Z;2378.8;2378.4;2378.8;2378.4;10;
4d84b0be-2bde-44f4-b7bc-a20bf4c531cf;2024-05-28T14:02:00Z;2378.2;2377.6;2378.2;2377.5;18;
4d84b0be-2bde-44f4-b7bc-a20bf4c531cf;2024-05-28T14:03:00Z;2377.1;2376.3;2377.1;2375.8;28;
4d84b0be-2bde-44f4-b7bc-a20bf4c531cf;2024-05-28T14:04:00Z;2375.7;2375;2376.5;2375;16;
4d84b0be-2bde-44f4-b7bc-a20bf4c531cf;2024-05-28T14:05:00Z;2375;2374.6;2375.5;2374.6;25;
4d84b0be-2bde-44f4-b7bc-a20bf4c531cf;2024-05-28T14:06:00Z;2374.1;2375.3;2375.3;2374;16;
4d84b0be-2bde-44f4-b7bc-a20bf4c531cf;2024-05-28T14:07:00Z;2375.5;2375.9;2376;2375.5;17;
4d84b0be-2bde-44f4-b7bc-a20bf4c531cf;2024-05-28T14:08:00Z;2376.2;2376.2;2376.2;2376.2;1;
4d84b0be-2bde-44f4-b7bc-a20bf4c531cf;2024-05-28T14:09:00Z;2376.1;2376.1;2376.1;2376.1;1;
4d84b0be-2bde-44f4-b7bc-a20bf4c531cf;2024-05-28T14:10:00Z;2376.7;2376.5;2376.8;2376.5;12;
4d84b0be-2bde-44f4-b7bc-a20bf4c531cf;2024-05-28T14:11:00Z;2376.5;2376;2376.9;2376;8;
4d84b0be-2bde-44f4-b7bc-a20bf4c531cf;2024-05-28T14:12:00Z;2376.2;2377;2377;2376.2;11;
4d84b0be-2bde-44f4-b7bc-a20bf4c531cf;2024-05-28T14:13:00Z;2376.9;2376.9;2376.9;2376.9;69;
4d84b0be-2bde-44f4-b7bc-a20bf4c531cf;2024-05-28T14:14:00Z;2376.9;2377;2377;2376.9;231;
4d84b0be-2bde-44f4-b7bc-a20bf4c531cf;2024-05-28T14:15:00Z;2378.4;2378.1;2378.6;2378.1;3;
4d84b0be-2bde-44f4-b7bc-a20bf4c531cf;2024-05-28T14:16:00Z;2377.5;2376.7;2377.5;2376.7;2;
4d84b0be-2bde-44f4-b7bc-a20bf4c531cf;2024-05-28T14:17:00Z;2376.2;2375;2376.2;2375;4;
4d84b0be-2bde-44f4-b7bc-a20bf4c531cf;2024-05-28T14:18:00Z;2376.1;2376.6;2376.6;2376.1;23;
4d84b0be-2bde-44f4-b7bc-a20bf4c531cf;2024-05-28T14:19:00Z;2377;2378;2378;2377;2;
4d84b0be-2bde-44f4-b7bc-a20bf4c531cf;2024-05-28T14:20:00Z;2377.1;2377.1;2377.1;2377.1;1;
4d84b0be-2bde-44f4-b7bc-a20bf4c531cf;2024-05-28T14:21:00Z;2377.5;2377.7;2377.7;2377.5;21;
4d84b0be-2bde-44f4-b7bc-a20bf4c531cf;2024-05-28T14:22:00Z;2377.3;2377.4;2377.6;2377.3;10;
4d84b0be-2bde-44f4-b7bc-a20bf4c531cf;2024-05-28T14:23:00Z;2378.6;2378.7;2378.7;2378.6;2;
4d84b0be-2bde-44f4-b7bc-a20bf4c531cf;2024-05-28T14:24:00Z;2379.3;2378.8;2379.4;2378.8;27;
4d84b0be-2bde-44f4-b7bc-a20bf4c531cf;2024-05-28T14:25:00Z;2379.3;2379.6;2379.6;2379.3;45;
4d84b0be-2bde-44f4-b7bc-a20bf4c531cf;2024-05-28T14:26:00Z;2379.5;2380.6;2380.6;2379.5;3;
4d84b0be-2bde-44f4-b7bc-a20bf4c531cf;2024-05-28T14:27:00Z;2380.3;2380.3;2380.3;2380.3;12;
4d84b0be-2bde-44f4-b7bc-a20bf4c531cf;2024-05-28T14:28:00Z;2380.7;2380.4;2380.7;2380.4;11;
4d84b0be-2bde-44f4-b7bc-a20bf4c531cf;2024-05-28T14:29:00Z;2380.8;2380.4;2380.9;2380.4;14;
4d84b0be-2bde-44f4-b7bc-a20bf4c531cf;2024-05-28T14:31:00Z;2379.3;2379.3;2379.3;2379.3;1;
4d84b0be-2bde-44f4-b7bc-a20bf4c531cf;2024-05-28T14:33:00Z;2380.9;2381.1;2381.2;2380.9;3;
4d84b0be-2bde-44f4-b7bc-a20bf4c531cf;2024-05-28T14:34:00Z;2381.2;2381.2;2381.2;2381.2;3;
4d84b0be-2bde-44f4-b7bc-a20bf4c531cf;2024-05-28T14:35:00Z;2381.3;2381.3;2381.3;2381.3;2;
4d84b0be-2bde-44f4-b7bc-a20bf4c531cf;2024-05-28T14:37:00Z;2380.7;2380.7;2380.7;2380.7;1;
4d84b0be-2bde-44f4-b7bc-a20bf4c531cf;2024-05-28T14:38:00Z;2381.4;2381.4;2381.4;2381.4;1;
4d84b0be-2bde-44f4-b7bc-a20bf4c531cf;2024-05-28T14:39:00Z;2380.7;2380.7;2380.7;2380.7;33;
4d84b0be-2bde-44f4-b7bc-a20bf4c531cf;2024-05-28T14:40:00Z;2380.3;2380.3;2380.3;2380.3;1;
4d84b0be-2bde-44f4-b7bc-a20bf4c531cf;2024-05-28T14:41:00Z;2379.2;2379.2;2379.2;2379.2;1;
4d84b0be-2bde-44f4-b7bc-a20bf4c531cf;2024-05-28T14:42:00Z;2380;2380.7;2380.7;2380;8;
4d84b0be-2bde-44f4-b7bc-a20bf4c531cf;2024-05-28T14:44:00Z;2380.7;2380.7;2380.7;2380.7;1;
4d84b0be-2bde-44f4-b7bc-a20bf4c531cf;2024-05-28T14:45:00Z;2380.4;2380.4;2380.4;2380.4;187;
4d84b0be-2bde-44f4-b7bc-a20bf4c531cf;2024-05-28T14:46:00Z;2380.4;2380.5;2380.5;2380.4;67;
4d84b0be-2bde-44f4-b7bc-a20bf4c531cf;2024-05-28T14:47:00Z;2380.4;2380.4;2380.4;2380.4;10;
4d84b0be-2bde-44f4-b7bc-a20bf4c531cf;2024-05-28T14:48:00Z;2380.4;2381;2381;2380.4;50;
4d84b0be-2bde-44f4-b7bc-a20bf4c531cf;2024-05-28T14:50:00Z;2381.2;2381.5;2381.5;2381.2;26;
4d84b0be-2bde-44f4-b7bc-a20bf4c531cf;2024-05-28T14:51:00Z;2382.6;2382.6;2382.6;2382.6;1;
4d84b0be-2bde-44f4-b7bc-a20bf4c531cf;2024-05-28T14:52:00Z;2384.2;2384;2384.2;2384;407;
4d84b0be-2bde-44f4-b7bc-a20bf4c531cf;2024-05-28T14:53:00Z;2384;2384.1;2384.1;2384;11;
4d84b0be-2bde-44f4-b7bc-a20bf4c531cf;2024-05-28T14:54:00Z;2384;2384;2384;2384;136;
4d84b0be-2bde-44f4-b7bc-a20bf4c531cf;2024-05-28T14:55:00Z;2383.7;2383.7;2383.7;2383.7;5;
4d84b0be-2bde-44f4-b7bc-a20bf4c531cf;2024-05-28T14:57:00Z;2384.6;2384.6;2384.6;2384.6;1;
4d84b0be-2bde-44f4-b7bc-a20bf4c531cf;2024-05-28T14:58:00Z;2384.6;2383.9;2384.6;2383.9;2;
4d84b0be-2bde-44f4-b7bc-a20bf4c531cf;2024-05-28T15:01:00Z;2382.8;2382.2;2382.8;2382.2;2;
4d84b0be-2bde-44f4-b7bc-a20bf4c531cf;2024-05-28T15:02:00Z;2382.8;2383;2383;2382.8;10;
4d84b0be-2bde-44f4-b7bc-a20bf4c531cf;2024-05-28T15:04:00Z;2381.8;2381.8;2381.8;2381.8;2;
4d84b0be-2bde-44f4-b7bc-a20bf4c531cf;2024-05-28T15:05:00Z;2381;2381;2381;2381;1;
4d84b0be-2bde-44f4-b7bc-a20bf4c531cf;2024-05-28T15:06:00Z;2382;2382;2382;2382;2;
4d84b0be-2bde-44f4-b7bc-a20bf4c531cf;2024-05-28T15:07:00Z;2382.3;2382.3;2382.3;2382.3;1;
4d84b0be-2bde-44f4-b7bc-a20bf4c531cf;2024-05-28T15:09:00Z;2382.3;2382.3;2382.5;2382.3;12;
4d84b0be-2bde-44f4-b7bc-a20bf4c531cf;2024-05-28T15:10:00Z;2381.9;2381.8;2381.9;2381.8;2;
4d84b0be-2bde-44f4-b7bc-a20bf4c531cf;2024-05-28T15:13:00Z;2381.9;2381.9;2381.9;2381.9;6;
4d84b0be-2bde-44f4-b7bc-a20bf4c531cf;2024-05-28T15:14:00Z;2382.8;2383.2;2383.2;2382.8;5;
4d84b0be-2bde-44f4-b7bc-a20bf4c531cf;2024-05-28T15:16:00Z;2383.6;2383.6;2383.6;2383.6;5;
4d84b0be-2bde-44f4-b7bc-a20bf4c531cf;2024-05-28T15:18:00Z;2383.8;2383.8;2383.8;2383.8;1;
4d84b0be-2bde-44f4-b7bc-a20bf4c531cf;2024-05-28T15:19:00Z;2384.9;2386;2386;2384.9;23;
4d84b0be-2bde-44f4-b7bc-a20bf4c531cf;2024-05-28T15:20:00Z;2386;2385.5;2386;2385.5;3;
4d84b0be-2bde-44f4-b7bc-a20bf4c531cf;2024-05-28T15:21:00Z;2385.9;2385.5;2385.9;2385.5;18;
4d84b0be-2bde-44f4-b7bc-a20bf4c531cf;2024-05-28T15:22:00Z;2386.5;2387;2387;2386.5;32;
4d84b0be-2bde-44f4-b7bc-a20bf4c531cf;2024-05-28T15:23:00Z;2387;2387;2387;2387;6;
4d84b0be-2bde-44f4-b7bc-a20bf4c531cf;2024-05-28T15:24:00Z;2387.2;2387.2;2387.2;2387.2;10;
4d84b0be-2bde-44f4-b7bc-a20bf4c531cf;2024-05-28T15:25:00Z;2387.2;2387.2;2387.2;2387.2;7;
4d84b0be-2bde-44f4-b7bc-a20bf4c531cf;2024-05-28T15:26:00Z;2387.3;2387.1;2387.3;2387.1;2;
4d84b0be-2bde-44f4-b7bc-a20bf4c531cf;2024-05-28T15:27:00Z;2387;2387;2387;2387;6;
4d84b0be-2bde-44f4-b7bc-a20bf4c531cf;2024-05-28T15:28:00Z;2387;2386.9;2387;2386.9;2;
4d84b0be-2bde-44f4-b7bc-a20bf4c531cf;2024-05-28T15:29:00Z;2386.6;2386.4;2386.6;2386.4;4;
4d84b0be-2bde-44f4-b7bc-a20bf4c531cf;2024-05-28T15:31:00Z;2386;2386.3;2386.3;2386;2;
4d84b0be-2bde-44f4-b7bc-a20bf4c531cf;2024-05-28T15:32:00Z;2385.5;2385.5;2385.5;2385.5;1;
4d84b0be-2bde-44f4-b7bc-a20bf4c531cf;2024-05-28T15:34:00Z;2385.2;2385.1;2385.2;2385;16;
4d84b0be-2bde-44f4-b7bc-a20bf4c531cf;2024-05-28T15:35:00Z;2386;2386.6;2386.6;2386;6;
4d84b0be-2bde-44f4-b7bc-a20bf4c531cf;2024-05-28T15:36:00Z;2386.6;2386.5;2386.6;2386.5;19;
4d84b0be-2bde-44f4-b7bc-a20bf4c531cf;2024-05-28T15:37:00Z;2386.6;2386.6;2386.6;2386.6;1;
4d84b0be-2bde-44f4-b7bc-a20bf4c531cf;2024-05-28T15:38:00Z;2387;2387;2387;2387;1;
4d84b0be-2bde-44f4-b7bc-a20bf4c531cf;2024-05-28T15:39:00Z;2387.3;2387.2;2387.3;2387.2;4;
4d84b0be-2bde-44f4-b7bc-a20bf4c531cf;2024-05-28T15:40:00Z;2387.1;2387.6;2387.6;2387.1;11;
4d84b0be-2bde-44f4-b7bc-a20bf4c531cf;2024-05-28T15:41:00Z;2387.5;2387.5;2387.5;2387.5;5;
4d84b0be-2bde-44f4-b7bc-a20bf4c531cf;2024-05-28T15:42:00Z;2387.7;2387.8;2387.8;2387.7;35;
4d84b0be-2bde-44f4-b7bc-a20bf4c531cf;2024-05-28T15:43:00Z;2387.8;2388.1;2388.2;2387.8;73;
4d84b0be-2bde-44f4-b7bc-a20bf4c531cf;2024-05-28T15:44:00Z;2388.1;2388;2388.1;2388;50;
4d84b0be-2bde-44f4-b7bc-a20bf4c531cf;2024-05-28T15:45:00Z;2388;2388;2388;2388;2;
4d84b0be-2bde-44f4-b7bc-a20bf4c531cf;2024-05-28T15:46:00Z;2388.1;2388.3;2388.3;2388;35;
4d84b0be-2bde-44f4-b7bc-a20bf4c531cf;2024-05-28T15:47:00Z;2388;2388.3;2388.3;2388;8;
4d84b0be-2bde-44f4-b7bc-a20bf4c531cf;2024-05-28T15:48:00Z;2388.3;2388.3;2388.3;2388;12;
4d84b0be-2bde-44f4-b7bc-a20bf4c531cf;2024-05-28T15:49:00Z;2388.3;2388.7;2388.7;2388;28;
4d84b0be-2bde-44f4-b7bc-a20bf4c531cf;2024-05-28T16:05:00Z;2387.3;2386.7;2387.3;2386.7;3;
4d84b0be-2bde-44f4-b7bc-a20bf4c531cf;2024-05-28T16:06:00Z;2386.8;2386.7;2386.8;2386.7;4;
4d84b0be-2bde-44f4-b7bc-a20bf4c531cf;2024-05-28T16:08:00Z;2386.7;2386.7;2386.7;2386.7;9;
4d84b0be-2bde-44f4-b7bc-a20bf4c531cf;2024-05-28T16:09:00Z;2386.7;2386.8;2386.8;2386.7;2;
4d84b0be-2bde-44f4-b7bc-a20bf4c531cf;2024-05-28T16:10:00Z;2386.9;2386.9;2386.9;2386.9;4;
4d84b0be-2bde-44f4-b7bc-a20bf4c531cf;2024-05-28T16:12:00Z;2387.4;2388.2;2388.2;2387.4;8;
4d84b0be-2bde-44f4-b7bc-a20bf4c531cf;2024-05-28T16:14:00Z;2388.8;2388.8;2388.8;2388.8;1;
4d84b0be-2bde-44f4-b7bc-a20bf4c531cf;2024-05-28T16:15:00Z;2388.2;2388.1;2388.2;2388.1;38;
4d84b0be-2bde-44f4-b7bc-a20bf4c531cf;2024-05-28T16:16:00Z;2388;2388;2388;2388;1;
4d84b0be-2bde-44f4-b7bc-a20bf4c531cf;2024-05-28T16:18:00Z;2388.1;2388.3;2388.3;2388.1;2;
4d84b0be-2bde-44f4-b7bc-a20bf4c531cf;2024-05-28T16:19:00Z;2388;2387.8;2388;2387.8;2;
4d84b0be-2bde-44f4-b7bc-a20bf4c531cf;2024-05-28T16:20:00Z;2386.6;2385.8;2386.6;2385.8;5;
4d84b0be-2bde-44f4-b7bc-a20bf4c531cf;2024-05-28T16:21:00Z;2386.5;2386.5;2386.5;2386.5;2;
4d84b0be-2bde-44f4-b7bc-a20bf4c531cf;2024-05-28T16:26:00Z;2386.1;2386.1;2386.1;2386.1;1;
4d84b0be-2bde-44f4-b7bc-a20bf4c531cf;2024-05-28T16:27:00Z;2385.4;2384.7;2385.4;2384.7;52;
4d84b0be-2bde-44f4-b7bc-a20bf4c531cf;2024-05-28T16:28:00Z;2384.3;2384.5;2384.5;2383.9;11;
4d84b0be-2bde-44f4-b7bc-a20bf4c531cf;2024-05-28T16:30:00Z;2385.1;2385.1;2385.1;2385.1;1;
4d84b0be-2bde-44f4-b7bc-a20bf4c531cf;2024-05-28T16:33:00Z;2384.4;2384.4;2384.4;2384.4;6;
4d84b0be-2bde-44f4-b7bc-a20bf4c531cf;2024-05-28T16:35:00Z;2385.1;2385.1;2385.1;2385.1;3;
4d84b0be-2bde-44f4-b7bc-a20bf4c531cf;2024-05-28T16:37:00Z;2384.3;2384;2384.3;2384;2;
4d84b0be-2bde-44f4-b7bc-a20bf4c531cf;2024-05-28T16:40:00Z;2384;2384;2384;2384;2;
4d84b0be-2bde-44f4-b7bc-a20bf4c531cf;2024-05-28T16:41:00Z;2384.4;2384.4;2384.4;2384.4;1;
4d84b0be-2bde-44f4-b7bc-a20bf4c531cf;2024-05-28T16:43:00Z;2383.6;2383.6;2383.6;2383.6;1;
4d84b0be-2bde-44f4-b7bc-a20bf4c531cf;2024-05-28T16:44:00Z;2383.2;2382.1;2383.2;2382.1;9;
4d84b0be-2bde-44f4-b7bc-a20bf4c531cf;2024-05-28T16:45:00Z;2382.3;2382.3;2382.3;2382.3;2;
4d84b0be-2bde-44f4-b7bc-a20bf4c531cf;2024-05-28T16:46:00Z;2382;2382;2382;2382;1;
4d84b0be-2bde-44f4-b7bc-a20bf4c531cf;2024-05-28T16:48:00Z;2381.2;2381.2;2381.2;2381.2;2;
4d84b0be-2bde-44f4-b7bc-a20bf4c531cf;2024-05-28T16:51:00Z;2382.4;2383.3;2383.3;2382.4;30;
4d84b0be-2bde-44f4-b7bc-a20bf4c531cf;2024-05-28T16:53:00Z;2384.4;2384.4;2384.4;2384.4;1;
4d84b0be-2bde-44f4-b7bc-a20bf4c531cf;2024-05-28T16:55:00Z;2384.3;2384.3;2384.3;2384.3;1;
4d84b0be-2bde-44f4-b7bc-a20bf4c531cf;2024-05-28T16:56:00Z;2384.3;2384.3;2384.3;2384.3;2;
4d84b0be-2bde-44f4-b7bc-a20bf4c531cf;2024-05-28T17:03:00Z;2382;2382;2382;2382;1;
4d84b0be-2bde-44f4-b7bc-a20bf4c531cf;2024-05-28T17:04:00Z;2381.2;2381;2381.2;2381;11;
4d84b0be-2bde-44f4-b7bc-a20bf4c531cf;2024-05-28T17:05:00Z;2380.9;2380.9;2380.9;2380.9;2;
4d84b0be-2bde-44f4-b7bc-a20bf4c531cf;2024-05-28T17:06:00Z;2381;2380.9;2381;2380.9;4;
4d84b0be-2bde-44f4-b7bc-a20bf4c531cf;2024-05-28T17:07:00Z;2382.4;2382.4;2382.4;2382.4;5;
4d84b0be-2bde-44f4-b7bc-a20bf4c531cf;2024-05-28T17:08:00Z;2382.3;2382.2;2382.3;2382.2;2;
4d84b0be-2bde-44f4-b7bc-a20bf4c531cf;2024-05-28T17:09:00Z;2381.6;2381.4;2381.6;2381.4;2;
4d84b0be-2bde-44f4-b7bc-a20bf4c531cf;2024-05-28T17:11:00Z;2382.2;2382.2;2382.2;2382.2;1;
4d84b0be-2bde-44f4-b7bc-a20bf4c531cf;2024-05-28T17:12:00Z;2382.3;2382.3;2382.3;2382.3;2;
4d84b0be-2bde-44f4-b7bc-a20bf4c531cf;2024-05-28T17:15:00Z;2380.4;2380.4;2380.4;2380.4;4;
4d84b0be-2bde-44f4-b7bc-a20bf4c531cf;2024-05-28T17:17:00Z;2380.2;2380;2380.2;2380;14;
4d84b0be-2bde-44f4-b7bc-a20bf4c531cf;2024-05-28T17:18:00Z;2379.7;2379.7;2379.7;2379.7;9;
4d84b0be-2bde-44f4-b7bc-a20bf4c531cf;2024-05-28T17:20:00Z;2380.1;2380.1;2380.1;2380.1;2;
4d84b0be-2bde-44f4-b7bc-a20bf4c531cf;2024-05-28T17:21:00Z;2380.6;2380.7;2380.7;2380.6;2;
4d84b0be-2bde-44f4-b7bc-a20bf4c531cf;2024-05-28T17:22:00Z;2380.6;2380.6;2380.6;2380.6;1;
4d84b0be-2bde-44f4-b7bc-a20bf4c531cf;2024-05-28T17:24:00Z;2381.5;2381.4;2381.5;2381.4;7;
4d84b0be-2bde-44f4-b7bc-a20bf4c531cf;2024-05-28T17:36:00Z;2384;2384.4;2384.4;2384;15;
4d84b0be-2bde-44f4-b7bc-a20bf4c531cf;2024-05-28T17:38:00Z;2385.6;2386.6;2386.6;2385.6;9;
4d84b0be-2bde-44f4-b7bc-a20bf4c531cf;2024-05-28T17:39:00Z;2386.5;2387.1;2387.1;2386.5;15;
4d84b0be-2bde-44f4-b7bc-a20bf4c531cf;2024-05-28T17:40:00Z;2386.6;2386.3;2386.6;2385.7;17;
4d84b0be-2bde-44f4-b7bc-a20bf4c531cf;2024-05-28T17:43:00Z;2385.5;2385.5;2385.5;2385.5;3;
4d84b0be-2bde-44f4-b7bc-a20bf4c531cf;2024-05-28T17:46:00Z;2384.6;2384.6;2384.6;2384.6;1;
4d84b0be-2bde-44f4-b7bc-a20bf4c531cf;2024-05-28T17:48:00Z;2384.5;2384.5;2384.5;2384.5;3;
4d84b0be-2bde-44f4-b7bc-a20bf4c531cf;2024-05-28T17:49:00Z;2384.4;2384.7;2384.7;2384.4;6;
4d84b0be-2bde-44f4-b7bc-a20bf4c531cf;2024-05-28T17:50:00Z;2384.4;2384;2384.4;2384;2;
4d84b0be-2bde-44f4-b7bc-a20bf4c531cf;2024-05-28T17:51:00Z;2384;2384;2384;2384;1;
4d84b0be-2bde-44f4-b7bc-a20bf4c531cf;2024-05-28T17:53:00Z;2384.2;2384;2384.2;2384;2;
4d84b0be-2bde-44f4-b7bc-a20bf4c531cf;2024-05-28T17:55:00Z;2384.5;2384.1;2384.5;2384.1;32;
4d84b0be-2bde-44f4-b7bc-a20bf4c531cf;2024-05-28T17:56:00Z;2384.1;2384.1;2384.1;2384.1;21;
4d84b0be-2bde-44f4-b7bc-a20bf4c531cf;2024-05-28T17:57:00Z;2384.1;2384.1;2384.1;2384.1;25;
4d84b0be-2bde-44f4-b7bc-a20bf4c531cf;2024-05-28T17:58:00Z;2384;2384;2384;2384;2;
4d84b0be-2bde-44f4-b7bc-a20bf4c531cf;2024-05-28T18:00:00Z;2383.1;2383.1;2383.1;2383.1;5;
4d84b0be-2bde-44f4-b7bc-a20bf4c531cf;2024-05-28T18:19:00Z;2383.1;2383.2;2383.2;2383.1;13;
4d84b0be-2bde-44f4-b7bc-a20bf4c531cf;2024-05-28T18:22:00Z;2382.1;2381.6;2382.1;2381.6;7;
4d84b0be-2bde-44f4-b7bc-a20bf4c531cf;2024-05-28T18:25:00Z;2381.3;2381.3;2381.3;2381.3;1;
4d84b0be-2bde-44f4-b7bc-a20bf4c531cf;2024-05-28T18:27:00Z;2381;2381;2381;2381;1;
4d84b0be-2bde-44f4-b7bc-a20bf4c531cf;2024-05-28T18:28:00Z;2380.7;2380.4;2380.7;2380.4;3;
4d84b0be-2bde-44f4-b7bc-a20bf4c531cf;2024-05-28T18:29:00Z;2380.4;2380.4;2380.4;2380.4;3;
4d84b0be-2bde-44f4-b7bc-a20bf4c531cf;2024-05-28T18:31:00Z;2379.6;2379.6;2379.6;2379.6;1;
4d84b0be-2bde-44f4-b7bc-a20bf4c531cf;2024-05-28T18:32:00Z;2379.6;2379.6;2379.9;2379.6;4;
4d84b0be-2bde-44f4-b7bc-a20bf4c531cf;2024-05-28T18:33:00Z;2379.6;2379.6;2379.6;2379.6;1;
4d84b0be-2bde-44f4-b7bc-a20bf4c531cf;2024-05-28T18:34:00Z;2379.7;2380.4;2380.4;2379.7;11;
4d84b0be-2bde-44f4-b7bc-a20bf4c531cf;2024-05-28T18:35:00Z;2381.2;2381.2;2381.2;2381.2;5;
4d84b0be-2bde-44f4-b7bc-a20bf4c531cf;2024-05-28T18:36:00Z;2381;2381;2381;2381;1;
4d84b0be-2bde-44f4-b7bc-a20bf4c531cf;2024-05-28T18:37:00Z;2381;2381;2381;2381;1;
4d84b0be-2bde-44f4-b7bc-a20bf4c531cf;2024-05-28T18:45:00Z;2381.2;2381.1;2381.2;2381.1;3;
4d84b0be-2bde-44f4-b7bc-a20bf4c531cf;2024-05-28T18:46:00Z;2381.6;2381.5;2381.6;2381.5;2;
4d84b0be-2bde-44f4-b7bc-a20bf4c531cf;2024-05-28T18:47:00Z;2381.4;2381.4;2381.4;2381.4;2;
4d84b0be-2bde-44f4-b7bc-a20bf4c531cf;2024-05-28T18:52:00Z;2383.3;2383.3;2383.3;2383.3;3;
4d84b0be-2bde-44f4-b7bc-a20bf4c531cf;2024-05-28T18:55:00Z;2384.1;2384.1;2384.1;2384.1;22;
4d84b0be-2bde-44f4-b7bc-a20bf4c531cf;2024-05-28T18:56:00Z;2384.8;2384.8;2384.8;2384.8;1;
4d84b0be-2bde-44f4-b7bc-a20bf4c531cf;2024-05-28T18:58:00Z;2384.7;2384.8;2384.8;2384.7;2;
4d84b0be-2bde-44f4-b7bc-a20bf4c531cf;2024-05-28T18:59:00Z;2384.8;2384.8;2384.8;2384.8;1;
4d84b0be-2bde-44f4-b7bc-a20bf4c531cf;2024-05-28T19:04:00Z;2383.7;2383.7;2383.7;2383.7;5;
4d84b0be-2bde-44f4-b7bc-a20bf4c531cf;2024-05-28T19:08:00Z;2384.2;2384.2;2384.2;2384.2;1;
4d84b0be-2bde-44f4-b7bc-a20bf4c531cf;2024-05-28T19:10:00Z;2383.6;2383.6;2383.6;2383.6;1;
4d84b0be-2bde-44f4-b7bc-a20bf4c531cf;2024-05-28T19:11:00Z;2383;2383;2383;2383;1;
4d84b0be-2bde-44f4-b7bc-a20bf4c531cf;2024-05-28T19:12:00Z;2382.5;2382.6;2382.6;2382.5;5;
4d84b0be-2bde-44f4-b7bc-a20bf4c531cf;2024-05-28T19:13:00Z;2382.6;2382.6;2382.6;2382.6;3;
4d84b0be-2bde-44f4-b7bc-a20bf4c531cf;2024-05-28T19:17:00Z;2382.9;2383.5;2383.5;2382.9;5;
4d84b0be-2bde-44f4-b7bc-a20bf4c531cf;2024-05-28T19:23:00Z;2383.8;2383.8;2383.8;2383.8;3;
4d84b0be-2bde-44f4-b7bc-a20bf4c531cf;2024-05-28T19:26:00Z;2384.3;2384.3;2384.3;2384.3;3;
4d84b0be-2bde-44f4-b7bc-a20bf4c531cf;2024-05-28T19:27:00Z;2384.5;2384.5;2384.5;2384.5;2;
4d84b0be-2bde-44f4-b7bc-a20bf4c531cf;2024-05-28T19:29:00Z;2384.6;2384.5;2384.6;2384.5;6;
4d84b0be-2bde-44f4-b7bc-a20bf4c531cf;2024-05-28T19:31:00Z;2384.7;2384.7;2384.7;2384.7;1;
4d84b0be-2bde-44f4-b7bc-a20bf4c531cf;2024-05-28T19:32:00Z;2384.9;2384.9;2384.9;2384.9;1;
4d84b0be-2bde-44f4-b7bc-a20bf4c531cf;2024-05-28T19:34:00Z;2385.7;2385.7;2385.7;2385.7;4;
4d84b0be-2bde-44f4-b7bc-a20bf4c531cf;2024-05-28T19:35:00Z;2385.9;2385.9;2385.9;2385.9;5;
4d84b0be-2bde-44f4-b7bc-a20bf4c531cf;2024-05-28T19:36:00Z;2385.9;2385.9;2385.9;2385.9;1;
4d84b0be-2bde-44f4-b7bc-a20bf4c531cf;2024-05-28T19:37:00Z;2385.7;2385.7;2385.7;2385.7;2;
4d84b0be-2bde-44f4-b7bc-a20bf4c531cf;2024-05-28T19:38:00Z;2386.1;2386.3;2386.3;2386.1;22;
4d84b0be-2bde-44f4-b7bc-a20bf4c531cf;2024-05-28T19:39:00Z;2386.3;2386.3;2386.3;2386.3;16;
4d84b0be-2bde-44f4-b7bc-a20bf4c531cf;2024-05-28T19:40:00Z;2386.3;2386.7;2386.7;2386.3;10;
4d84b0be-2bde-44f4-b7bc-a20bf4c531cf;2024-05-28T19:44:00Z;2386.8;2386.8;2386.8;2386.8;1;
4d84b0be-2bde-44f4-b7bc-a20bf4c531cf;2024-05-28T19:45:00Z;2386.9;2387.2;2387.2;2386.9;10;
4d84b0be-2bde-44f4-b7bc-a20bf4c531cf;2024-05-28T19:47:00Z;2387.1;2387.1;2387.1;2387.1;1;
4d84b0be-2bde-44f4-b7bc-a20bf4c531cf;2024-05-28T19:48:00Z;2386.4;2386.3;2386.4;2386.3;34;
4d84b0be-2bde-44f4-b7bc-a20bf4c531cf;2024-05-28T19:50:00Z;2386.2;2386.2;2386.2;2386.2;1;
4d84b0be-2bde-44f4-b7bc-a20bf4c531cf;2024-05-28T19:54:00Z;2386.2;2386.2;2386.2;2386.2;5;
4d84b0be-2bde-44f4-b7bc-a20bf4c531cf;2024-05-28T20:28:00Z;2386.8;2386.8;2386.8;2386.8;2;
4d84b0be-2bde-44f4-b7bc-a20bf4c531cf;2024-05-28T20:29:00Z;2386.7;2386.7;2386.7;2386.7;1;
4d84b0be-2bde-44f4-b7bc-a20bf4c531cf;2024-05-28T20:30:00Z;2386.7;2386.7;2386.8;2386.7;11;
4d84b0be-2bde-44f4-b7bc-a20bf4c531cf;2024-05-28T20:34:00Z;2386.8;2386.7;2386.8;2386.7;7;
4d84b0be-2bde-44f4-b7bc-a20bf4c531cf;2024-05-28T20:36:00Z;2386.8;2386.8;2386.8;2386.8;1;
4d84b0be-2bde-44f4-b7bc-a20bf4c531cf;2024-05-28T20:37:00Z;2386.9;2386.9;2386.9;2386.9;2;
4d84b0be-2bde-44f4-b7bc-a20bf4c531cf;2024-05-28T20:45:00Z;2385.7;2385.7;2385.7;2385.7;3;
4d84b0be-2bde-44f4-b7bc-a20bf4c531cf;2024-05-28T20:46:00Z;2387.5;2387.5;2387.5;2387.5;1;
4d84b0be-2bde-44f4-b7bc-a20bf4c531cf;2024-05-28T20:47:00Z;2387.4;2387.4;2387.4;2387.4;3;
4d84b0be-2bde-44f4-b7bc-a20bf4c531cf;2024-05-28T20:49:00Z;2387.7;2387.7;2387.7;2387.7;5;
